Company,TypeName,Inches,ScreenResolution,Cpu,Ram,Memory,Gpu,OpSys,Weight,Price,Storage_Type
Apple,Ultrabook,13.3,IPS Panel Retina Display 2560x1600,Intel Core i5 2.3GHz,8GB,128GB SSD,Intel Iris Plus Graphics 640,macOS,1.37kg,7137,SSD
Apple,Ultrabook,13.3,1440x900,Intel Core i5 1.8GHz,8GB,128GB Flash Storage,Intel HD Graphics 6000,macOS,1.34kg,4789,Flash
HP,Notebook,15.6,Full HD 1920x1080,Intel Core i5 7200U 2.5GHz,8GB,256GB SSD,Intel HD Graphics 620,No OS,1.86kg,3063,SSD
Apple,Ultrabook,15.4,IPS Panel Retina Display 2880x1800,Intel Core i7 2.7GHz,16GB,512GB SSD,AMD Radeon Pro 455,macOS,1.83kg,13519,SSD
Apple,Ultrabook,13.3,IPS Panel Retina Display 2560x1600,Intel Core i5 3.1GHz,8GB,256GB SSD,Intel Iris Plus Graphics 650,macOS,1.37kg,9609,SSD
Acer,Notebook,15.6,1366x768,AMD A9-Series 9420 3GHz,4GB,500GB HDD,AMD Radeon R5,Windows 10,2.1kg,2131,HDD
Apple,Ultrabook,15.4,IPS Panel Retina Display 2880x1800,Intel Core i7 2.2GHz,16GB,256GB Flash Storage,Intel Iris Pro Graphics,Mac OS X,2.04kg,11401,Flash
Apple,Ultrabook,13.3,1440x900,Intel Core i5 1.8GHz,8GB,256GB Flash Storage,Intel HD Graphics 6000,macOS,1.34kg,6173,Flash
Asus,Ultrabook,14.0,Full HD 1920x1080,Intel Core i7 8550U 1.8GHz,16GB,512GB SSD,Nvidia GeForce MX150,Windows 10,1.3kg,7965,SSD
Acer,Ultrabook,14.0,IPS Panel Full HD 1920x1080,Intel Core i5 8250U 1.6GHz,8GB,256GB SSD,Intel UHD Graphics 620,Windows 10,1.6kg,4102,SSD
HP,Notebook,15.6,1366x768,Intel Core i5 7200U 2.5GHz,4GB,500GB HDD,Intel HD Graphics 620,No OS,1.86kg,2098,HDD
HP,Notebook,15.6,Full HD 1920x1080,Intel Core i3 6006U 2GHz,4GB,500GB HDD,Intel HD Graphics 520,No OS,1.86kg,1838,HDD
Apple,Ultrabook,15.4,IPS Panel Retina Display 2880x1800,Intel Core i7 2.8GHz,16GB,256GB SSD,AMD Radeon Pro 555,macOS,1.83kg,13000,SSD
Dell,Notebook,15.6,Full HD 1920x1080,Intel Core i3 6006U 2GHz,4GB,256GB SSD,AMD Radeon R5 M430,Windows 10,2.2kg,2658,SSD
Apple,Ultrabook,13.3,IPS Panel Retina Display 2560x1600,Intel Core i5 2.3GHz,8GB,256GB SSD,Intel Iris Plus Graphics 640,macOS,1.37kg,8090,SSD
Dell,Notebook,15.6,Full HD 1920x1080,Intel Core i7 7500U 2.7GHz,8GB,256GB SSD,AMD Radeon R5 M430,Windows 10,2.2kg,3969,SSD
Apple,Ultrabook,15.4,IPS Panel Retina Display 2880x1800,Intel Core i7 2.9GHz,16GB,512GB SSD,AMD Radeon Pro 560,macOS,1.83kg,15227,SSD
Lenovo,Notebook,15.6,Full HD 1920x1080,Intel Core i3 7100U 2.4GHz,8GB,1TB HDD,Nvidia GeForce 940MX,No OS,2.2kg,2658,HDD
Dell,Ultrabook,13.3,IPS Panel Full HD / Touchscreen 1920x1080,Intel Core i5 8250U 1.6GHz,8GB,128GB SSD,Intel UHD Graphics 620,Windows 10,1.22kg,5216,SSD
Lenovo,Gaming,15.6,IPS Panel Full HD 1920x1080,Intel Core i5 7300HQ 2.5GHz,8GB,128GB SSD ,Nvidia GeForce GTX 1050,Windows 10,2.5kg,5322,SSD
HP,Notebook,15.6,1366x768,AMD E-Series E2-9000e 1.5GHz,4GB,500GB HDD,AMD Radeon R2,No OS,1.86kg,1374,HDD
Dell,2 in 1 Convertible,13.3,Full HD / Touchscreen 1920x1080,Intel Core i5 8250U 1.6GHz,8GB,256GB SSD,Intel UHD Graphics 620,Windows 10,1.62kg,4363,SSD
HP,Ultrabook,15.6,Full HD 1920x1080,Intel Core i7 8550U 1.8GHz,8GB,256GB SSD,Intel HD Graphics 620,Windows 10,1.91kg,3511,SSD
Dell,Notebook,15.6,1366x768,Intel Core i3 6006U 2GHz,4GB,1TB HDD,Intel HD Graphics 520,Windows 10,2.3kg,2230,HDD
Apple,Ultrabook,13.3,1440x900,Intel Core i5 1.6GHz,8GB,128GB Flash Storage,Intel HD Graphics 6000,Mac OS X,1.35kg,5855,Flash
Dell,Notebook,15.6,Full HD 1920x1080,Intel Core i5 8250U 1.6GHz,8GB,256GB SSD,AMD Radeon 530,Windows 10,2.2kg,4262,SSD
Dell,Ultrabook,15.6,Full HD 1920x1080,Intel Core i7 8650U 1.9GHz,8GB,256GB SSD +  256GB SSD,Intel UHD Graphics 620,Windows 10,1.88kg,6915,SSD
HP,Notebook,17.3,Full HD 1920x1080,Intel Core i5 8250U 1.6GHz,8GB,1TB HDD,Nvidia GeForce 930MX,Windows 10,2.5kg,4773,HDD
Chuwi,Notebook,15.6,Full HD 1920x1080,Intel Atom x5-Z8300 1.44GHz,4GB,64GB Flash Storage,Intel HD Graphics,Windows 10,1.89kg,1305,Flash
Asus,Notebook,14.0,1366x768,AMD E-Series E2-6110 1.5GHz,2GB,32GB Flash Storage,AMD Radeon R2,Windows 10,1.65kg,1060,Flash
HP,Notebook,17.3,Full HD 1920x1080,AMD A6-Series 9220 2.5GHz,4GB,500GB HDD,AMD Radeon 530,Windows 10,2.71kg,2338,HDD
Dell,Ultrabook,13.3,Touchscreen / Quad HD+ 3200x1800,Intel Core i7 8550U 1.8GHz,16GB,512GB SSD,Intel UHD Graphics 620,Windows 10,1.2kg,9958,SSD
Apple,Ultrabook,13.3,1440x900,Intel Core i5 1.6GHz,8GB,256GB Flash Storage,Intel HD Graphics 6000,Mac OS X,1.35kg,5317,Flash
Lenovo,Notebook,14.0,1366x768,Intel Celeron Dual Core N3350 1.1GHz,4GB,64GB Flash Storage,Intel HD Graphics 500,Windows 10,1.44kg,1326,Flash
Acer,Notebook,15.6,1366x768,Intel Core i3 7130U 2.7GHz,4GB,1TB HDD,Intel HD Graphics 620,Linux,2.1kg,1955,HDD
Dell,Notebook,17.3,IPS Panel Full HD 1920x1080,Intel Core i5 8250U 1.6GHz,8GB,128GB SSD ,AMD Radeon 530,Windows 10,2.8kg,5216,SSD
HP,Notebook,15.6,1366x768,Intel Core i5 7200U 2.5GHz,4GB,1TB HDD,Intel HD Graphics 620,Windows 10,1.86kg,2603,HDD
HP,Notebook,15.6,Full HD 1920x1080,Intel Core i5 8250U 1.6GHz,8GB,256GB SSD,Nvidia GeForce 930MX ,Windows 10,2.1kg,4683,SSD
Asus,Notebook,15.6,Full HD 1920x1080,Intel Core i3 6006U 2GHz,4GB,1TB HDD,Intel HD Graphics 620,Linux,2kg,2072,HDD
Dell,Gaming,15.6,IPS Panel Full HD 1920x1080,Intel Core i7 7700HQ 2.8GHz,16GB,256GB SSD +  1TB HDD,Nvidia GeForce GTX 1060,Windows 10,2.65kg,7986,SSD
Asus,Notebook,15.6,1366x768,Intel Core i5 7200U 2.5GHz,8GB,1TB HDD,Nvidia GeForce 940MX,Linux,2.3kg,2786,HDD
Acer,Notebook,15.6,IPS Panel Full HD 1920x1080,Intel Core i5 8250U 1.6GHz,4GB,256GB SSD,Intel UHD Graphics 620,Windows 10,2.2kg,3633,SSD
Dell,2 in 1 Convertible,17.3,Full HD / Touchscreen 1920x1080,Intel Core i5 8250U 1.6GHz,12GB,1TB HDD,Nvidia GeForce 150MX,Windows 10,2.77kg,5322,HDD
Apple,Ultrabook,13.3,IPS Panel Retina Display 2560x1600,Intel Core i5 2.0GHz,8GB,256GB SSD,Intel Iris Graphics 540,macOS,1.37kg,7560,SSD
Asus,Gaming,17.3,Full HD 1920x1080,AMD Ryzen 1700 3GHz,8GB,256GB SSD +  1TB HDD,AMD Radeon RX 580,Windows 10,3.2kg,6921,SSD
Dell,Notebook,15.6,Full HD 1920x1080,Intel Core i5 7200U 2.5GHz,4GB,256GB SSD,AMD Radeon R5 M430,Windows 10,2.3kg,3404,SSD
Asus,Notebook,17.3,1366x768,Intel Pentium Quad Core N4200 1.1GHz,4GB,1TB HDD,Nvidia GeForce 920MX,Windows 10,2.8kg,2482,HDD
Acer,Notebook,15.6,IPS Panel Full HD 1920x1080,Intel Core i7 8550U 1.8GHz,8GB,256GB SSD,Nvidia GeForce MX150,Windows 10,2.2kg,4480,SSD
HP,Notebook,15.6,Full HD 1920x1080,AMD A6-Series 9220 2.5GHz,4GB,256GB SSD,AMD Radeon R4 Graphics,Windows 10,1.86kg,2123,SSD
HP,Notebook,13.3,Full HD 1920x1080,Intel Core i7 8550U 1.8GHz,8GB,512GB SSD,Intel UHD Graphics 620,Windows 10,1.49kg,5876,SSD
Acer,Notebook,15.6,1366x768,Intel Core i3 7100U 2.4GHz,4GB,1TB HDD,Intel HD Graphics 620,Windows 10,2.4kg,2045,HDD
Dell,Notebook,15.6,Full HD 1920x1080,Intel Core i7 8550U 1.8GHz,8GB,256GB SSD,AMD Radeon 520,Windows 10,2.13kg,4090,SSD
HP,Notebook,15.6,Full HD 1920x1080,Intel Core i3 6006U 2GHz,4GB,128GB SSD,Intel HD Graphics 520,Windows 10,1.91kg,2338,SSD
Asus,Notebook,15.6,1366x768,Intel Core i5 7200U 2.5GHz,4GB,256GB SSD,Intel HD Graphics 620,Windows 10,2kg,3123,SSD
MSI,Gaming,17.3,Full HD 1920x1080,Intel Core i7 7700HQ 2.8GHz,16GB,256GB SSD,Nvidia GeForce GTX 1070,Windows 10,2.43kg,13048,SSD
Asus,Notebook,15.6,Full HD 1920x1080,Intel Core i3 6006U 2GHz,4GB,256GB SSD,Intel HD Graphics 520,Linux,2kg,2211,SSD
Dell,Notebook,17.3,Full HD 1920x1080,Intel Core i7 8550U 1.8GHz,16GB,256GB SSD,AMD Radeon 530,Windows 10,2.8kg,6921,SSD
Dell,Ultrabook,14.0,Full HD 1920x1080,Intel Core i5 8250U 1.6GHz,8GB,256GB SSD,Intel UHD Graphics 620,Windows 10,1.7kg,4683,SSD
Lenovo,Notebook,14.0,IPS Panel Full HD 1920x1080,Intel Core i3 7130U 2.7GHz,8GB,256GB SSD,Intel HD Graphics 620,No OS,1.7kg,3191,SSD
Asus,Notebook,14.0,Full HD 1920x1080,Intel Core i5 8250U 1.6GHz,8GB,256GB SSD,Intel UHD Graphics 620,Windows 10,1.4kg,5013,SSD
HP,Notebook,15.6,Full HD 1920x1080,Intel Core i5 7200U 2.5GHz,8GB,256GB SSD,Intel HD Graphics 620,Windows 10,1.86kg,3676,SSD
Asus,Ultrabook,15.6,Full HD 1920x1080,Intel Core i7 7700HQ 2.8GHz,16GB,512GB SSD,Nvidia GeForce GTX 1050 Ti,Windows 10,1.8kg,10565,SSD
HP,Notebook,15.6,1366x768,Intel Core i3 6006U 2GHz,4GB,500GB HDD,AMD Radeon 520,Windows 10,1.86kg,2337,HDD
HP,Notebook,14.0,1366x768,Intel Celeron Dual Core N3060 1.6GHz,4GB,32GB SSD,Intel HD Graphics 400,Windows 10,1.44kg,1220,SSD
Lenovo,Notebook,15.6,Full HD 1920x1080,Intel Core i5 7200U 2.5GHz,4GB,1TB HDD,Intel HD Graphics 620,Windows 10,1.9kg,2925,HDD
Asus,Gaming,17.3,Full HD 1920x1080,Intel Core i7 7700HQ 2.8GHz,12GB,1TB HDD,Nvidia GeForce GTX 1050 Ti,Linux,3kg,5056,HDD
Microsoft,Ultrabook,13.5,Touchscreen 2256x1504,Intel Core i5 7200U 2.5GHz,4GB,128GB SSD,Intel HD Graphics 620,Windows 10 S,1.252kg,5802,SSD
Dell,Ultrabook,13.3,IPS Panel Full HD 1920x1080,Intel Core i7 8550U 1.8GHz,64GB,256GB SSD,AMD Radeon 530,Windows 10,1.4kg,5088,SSD
Dell,Notebook,15.6,Full HD 1920x1080,Intel Core i7 8550U 1.8GHz,8GB,256GB SSD,AMD Radeon 530,Windows 10,2.2kg,4635,SSD
MSI,Gaming,17.3,Full HD 1920x1080,Intel Core i5 7300HQ 2.5GHz,8GB,128GB SSD ,Nvidia GeForce GTX 1050,Windows 10,2.7kg,5834,SSD
Acer,Notebook,14.0,1366x768,Intel Core i3 6006U 2GHz,8GB,1TB HDD,Intel HD Graphics 520,Windows 10,2.1kg,2072,HDD
Asus,Gaming,15.6,Full HD 1920x1080,Intel Core i7 7700HQ 2.8GHz,8GB,1TB HDD,Nvidia GeForce GTX 1050,Windows 10,2.2kg,5056,HDD
Lenovo,Notebook,15.6,Full HD 1920x1080,Intel Core i5 7200U 2.5GHz,8GB,2TB HDD,Intel HD Graphics 620,No OS,2.2kg,2765,HDD
Dell,Notebook,15.6,Full HD 1920x1080,Intel Core i7 8550U 1.8GHz,8GB,128GB SSD ,Intel UHD Graphics 620,Windows 10,2.02kg,4555,SSD
Acer,Notebook,15.6,Full HD 1920x1080,Intel Core i3 7130U 2.7GHz,4GB,1TB HDD,Nvidia GeForce MX130,Windows 10,2.2kg,2823,HDD
HP,Notebook,17.3,Full HD 1920x1080,Intel Core i5 8250U 1.6GHz,8GB,128GB SSD ,Nvidia GeForce 930MX,Windows 10,2.5kg,5205,SSD
Dell,Ultrabook,15.6,IPS Panel Full HD 1920x1080,Intel Core i5 8250U 1.6GHz,8GB,256GB SSD,Intel UHD Graphics 620,Windows 10,1.88kg,5840,SSD
Apple,Ultrabook,12.0,IPS Panel Retina Display 2304x1440,Intel Core i5 1.3GHz,8GB,512GB SSD,Intel HD Graphics 615,macOS,0.92kg,8045,SSD
HP,Notebook,14.0,Full HD 1920x1080,Intel Core i5 8250U 1.6GHz,8GB,256GB SSD,Intel HD Graphics 620,Windows 10,1.63kg,4582,SSD
Lenovo,Notebook,15.6,Full HD 1920x1080,AMD A6-Series 9220 2.5GHz,4GB,128GB SSD,AMD R4 Graphics,Windows 10,2.2kg,2125,SSD
Acer,Notebook,15.6,1366x768,AMD A9-Series 9420 3GHz,4GB,1TB HDD,AMD Radeon R5,Windows 10,2.1kg,2104,HDD
Dell,Gaming,15.6,IPS Panel Full HD 1920x1080,Intel Core i7 7700HQ 2.8GHz,16GB,128GB SSD ,Nvidia GeForce GTX 1050 Ti,Windows 10,2.65kg,7187,SSD
HP,Ultrabook,15.6,IPS Panel Full HD 1920x1080,Intel Core i7 8550U 1.8GHz,8GB,256GB SSD,Nvidia GeForce GTX 940MX,Windows 10,1.83kg,3724,SSD
HP,Notebook,15.6,Full HD 1920x1080,Intel Core i5 7200U 2.5GHz,8GB,256GB SSD,Intel HD Graphics 620,Windows 10,1.96kg,3191,SSD
Asus,Gaming,15.6,IPS Panel Full HD 1920x1080,Intel Core i7 7700HQ 2.8GHz,16GB,128GB SSD ,Nvidia GeForce GTX 1060,Windows 10,2.2kg,7720,SSD
Dell,Ultrabook,13.3,IPS Panel Full HD 1920x1080,Intel Core i7 8550U 1.8GHz,8GB,256GB SSD,Intel UHD Graphics 620,Windows 10,1.21kg,8785,SSD
Asus,Gaming,15.6,Full HD 1920x1080,AMD FX 9830P 3GHz,8GB,1TB HDD,AMD Radeon RX 560,Windows 10,2.45kg,3724,HDD
Acer,Notebook,15.6,Full HD 1920x1080,Intel Core i7 8550U 1.8GHz,2GB,1TB HDD,Nvidia GeForce MX150,Windows 10,2.2kg,3670,HDD
HP,Notebook,13.3,Full HD 1920x1080,Intel Core i7 8550U 1.8GHz,16GB,512GB SSD,Intel UHD Graphics 620,Windows 10,1.49kg,6377,SSD
Dell,Gaming,15.6,Full HD 1920x1080,Intel Core i5 7300HQ 2.5GHz,8GB,256GB SSD,Nvidia GeForce GTX 1060,Windows 10,2.65kg,6366,SSD
Asus,Ultrabook,14.0,Full HD 1920x1080,Intel Core i7 7500U 2.7GHz,8GB,256GB SSD,Intel HD Graphics 620,Windows 10,1.25kg,5589,SSD
Acer,2 in 1 Convertible,13.3,IPS Panel Full HD / Touchscreen 1920x1080,Intel Core i5 8250U 1.6GHz,8GB,256GB SSD,Intel UHD Graphics 620,Windows 10,1.5kg,4512,SSD
Dell,Notebook,15.6,Full HD 1920x1080,Intel Core i7 7500U 2.7GHz,8GB,1TB HDD,AMD Radeon R5 M430,Linux,2.2kg,3196,HDD
Dell,Notebook,15.6,Full HD 1920x1080,Intel Core i3 6006U 2GHz,4GB,256GB SSD,AMD Radeon R5 M430,Linux,2.2kg,2584,SSD
Asus,Notebook,15.6,Full HD 1920x1080,Intel Core i3 7100U 2.4GHz,6GB,256GB SSD,Nvidia GeForce 920M,Windows 10,2kg,3074,SSD
HP,Gaming,15.6,IPS Panel Full HD 1920x1080,Intel Core i7 7700HQ 2.8GHz,12GB,128GB SSD ,Nvidia GeForce GTX 1050,Windows 10,2.62kg,6654,SSD
HP,Notebook,15.6,Full HD 1920x1080,Intel Core i7 7500U 2.7GHz,8GB,256GB SSD,AMD Radeon 530,Windows 10,1.91kg,3830,SSD
HP,Notebook,15.6,Full HD 1920x1080,AMD E-Series E2-9000e 1.5GHz,4GB,500GB HDD,AMD Radeon R2,Windows 10,2.1kg,1859,HDD
Dell,Notebook,15.6,Full HD 1920x1080,Intel Core i5 8250U 1.6GHz,8GB,1TB HDD,AMD Radeon 520,Linux,2.2kg,3447,HDD
HP,Ultrabook,13.3,IPS Panel Full HD 1920x1080,Intel Core i7 7500U 2.7GHz,8GB,256GB SSD,Nvidia GeForce MX150,Windows 10,1.38kg,5962,SSD
Microsoft,Ultrabook,13.5,Touchscreen 2256x1504,Intel Core i5 7200U 2.5GHz,8GB,256GB SSD,Intel HD Graphics 620,Windows 10 S,1.252kg,7139,SSD
HP,Notebook,14.0,IPS Panel Full HD 1920x1080,Intel Core i5 7200U 2.5GHz,6GB,256GB SSD,Nvidia GeForce 940MX,Windows 10,1.58kg,3511,SSD
Lenovo,Notebook,15.6,Full HD 1920x1080,Intel Core i3 6006U 2GHz,4GB,1TB HDD,Intel HD Graphics 520,Windows 10,1.85kg,2210,HDD
Asus,Ultrabook,14.0,IPS Panel Full HD 1920x1080,Intel Core i7 7500U 2.7GHz,8GB,256GB SSD,Nvidia GeForce 940MX,Windows 10,1.3kg,6356,SSD
MSI,Gaming,15.6,Full HD 1920x1080,Intel Core i7 7700HQ 2.8GHz,16GB,256GB SSD +  1TB HDD,Nvidia GeForce GTX 1050 Ti,Windows 10,2.2kg,6921,SSD
Lenovo,Notebook,14.0,IPS Panel Full HD 1920x1080,Intel Core i7 7500U 2.7GHz,8GB,256GB SSD,Intel HD Graphics 620,Windows 10,1.58kg,7885,SSD
Asus,Ultrabook,15.6,Full HD 1920x1080,Intel Core i7 8550U 1.8GHz,16GB,256GB SSD +  1TB HDD,Nvidia GeForce MX150,Windows 10,1.5kg,6723,SSD
Dell,Ultrabook,13.3,Quad HD+ / Touchscreen 3200x1800,Intel Core i7 7560U 2.4GHz,8GB,256GB SSD,Intel Iris Plus Graphics 640,Windows 10,1.23kg,7347,SSD
Lenovo,2 in 1 Convertible,13.3,IPS Panel Full HD / Touchscreen 1920x1080,Intel Core i5 7200U 2.5GHz,8GB,256GB SSD,Intel HD Graphics 620,Windows 10,1.37kg,7453,SSD
HP,Notebook,14.0,IPS Panel 1366x768,Intel Core i5 8250U 1.6GHz,4GB,500GB HDD,Intel UHD Graphics 620,Windows 10,1.63kg,3846,HDD
Dell,Ultrabook,13.3,IPS Panel Full HD 1920x1080,Intel Core i5 8250U 1.6GHz,8GB,256GB SSD,Intel UHD Graphics 620,Windows 10,1.21kg,8679,SSD
HP,Notebook,14.0,Full HD 1920x1080,Intel Core i7 8550U 1.8GHz,8GB,512GB SSD,Intel UHD Graphics 620,Windows 10,1.63kg,5775,SSD
Dell,Notebook,15.6,IPS Panel Full HD 1920x1080,Intel Core i7 8550U 1.8GHz,8GB,256GB SSD +  1TB HDD,Nvidia GeForce 940MX,Windows 10,2.16kg,6022,SSD
Asus,Notebook,17.3,Full HD 1920x1080,Intel Core i3 6006U 2GHz,4GB,1TB HDD,Nvidia GeForce 920MX,Windows 10,2kg,3004,HDD
Asus,Notebook,15.6,Full HD 1920x1080,Intel Core i7 8550U 1.8GHz,8GB,256GB SSD,Nvidia GeForce 940MX,Windows 10,1.7kg,5956,SSD
Acer,Notebook,15.6,IPS Panel Full HD / Touchscreen 1920x1080,Intel Core i3 7100U 2.4GHz,6GB,1TB HDD,Intel HD Graphics 620,Windows 10,2.1kg,2552,HDD
MSI,Gaming,15.6,Full HD 1920x1080,Intel Core i7 7700HQ 2.8GHz,16GB,256GB SSD,Nvidia GeForce GTX 1070,Windows 10,1.8kg,11942,SSD
Lenovo,Notebook,15.6,Full HD 1920x1080,Intel Core i5 7200U 2.5GHz,8GB,256GB SSD,Nvidia GeForce 940MX,No OS,2.2kg,3351,SSD
HP,Notebook,17.3,Full HD 1920x1080,Intel Core i7 8550U 1.8GHz,16GB,512GB SSD,Nvidia GeForce 930MX ,Windows 10,2.5kg,6771,SSD
Acer,Notebook,15.6,1366x768,AMD A9-Series 9420 3GHz,4GB,256GB SSD,AMD Radeon R5,Windows 10,2.1kg,2402,SSD
HP,Notebook,14.0,Full HD 1920x1080,Intel Core i5 8250U 1.6GHz,8GB,1TB HDD,Intel UHD Graphics 620,Windows 10,1.63kg,4326,HDD
Asus,Notebook,14.0,1366x768,AMD E-Series 6110 1.5GHz,4GB,64GB SSD,AMD Radeon R2,Windows 10 S,1.65kg,1481,SSD
Dell,Notebook,17.3,Full HD 1920x1080,Intel Core i7 8550U 1.8GHz,16GB,256GB SSD,AMD Radeon 530,Windows 10,2.8kg,7437,SSD
HP,Notebook,17.3,Full HD 1920x1080,Intel Core i5 8250U 1.6GHz,8GB,256GB SSD,Intel UHD Graphics 620,Windows 10,2.5kg,4944,SSD
Dell,Notebook,15.6,1366x768,Intel Core i5 7200U 2.5GHz,8GB,1TB HDD,AMD Radeon R7 M445,Windows 10,2.36kg,3404,HDD
Dell,Notebook,15.6,Full HD 1920x1080,Intel Core i3 6006U 2GHz,4GB,1TB HDD,AMD Radeon R5 M430,Windows 10,2.2kg,2392,HDD
Acer,Ultrabook,14.0,IPS Panel Full HD 1920x1080,Intel Core i7 8550U 1.8GHz,8GB,256GB SSD,Intel UHD Graphics 620,Windows 10,1.6kg,4709,SSD
Acer,Notebook,15.6,Full HD 1920x1080,Intel Core i3 7130U 2.7GHz,4GB,256GB SSD,Nvidia GeForce MX130,Windows 10,7.2kg,3047,SSD
HP,Notebook,15.6,1366x768,Intel Core i7 7500U 2.7GHz,8GB,1TB HDD,Intel HD Graphics 620,Windows 10,2.05kg,3186,HDD
HP,Notebook,14.0,Full HD 1920x1080,Intel Core i7 8550U 1.8GHz,8GB,256GB SSD,Intel UHD Graphics 620,Windows 10,1.63kg,5264,SSD
Lenovo,Notebook,15.6,1366x768,Intel Celeron Dual Core N3350 1.1GHz,4GB,1TB HDD,Intel HD Graphics 500,No OS,1.9kg,1344,HDD
Asus,Gaming,17.3,Full HD 1920x1080,Intel Core i5 7300HQ 2.5GHz,8GB,128GB SSD ,Nvidia GeForce GTX 1050,Windows 10,3kg,4997,SSD
Lenovo,Notebook,15.6,Full HD 1920x1080,Intel Core i5 7200U 2.5GHz,4GB,1TB HDD,Nvidia GeForce 920MX,No OS,2.2kg,2658,HDD
HP,Notebook,13.3,IPS Panel Full HD 1920x1080,Intel Core i5 7200U 2.5GHz,4GB,256GB SSD,Intel HD Graphics 620,Windows 10,1.32kg,3724,SSD
Acer,Notebook,17.3,IPS Panel Full HD 1920x1080,Intel Core i3 7130U 2.7GHz,4GB,1TB HDD,Nvidia GeForce MX130,Windows 10,3kg,3489,HDD
Lenovo,Notebook,14.0,IPS Panel Full HD 1920x1080,Intel Core i5 8250U 1.6GHz,8GB,256GB SSD,AMD Radeon RX 550,Windows 10,1.75kg,5946,SSD
Lenovo,Gaming,15.6,IPS Panel Full HD 1920x1080,Intel Core i7 7700HQ 2.8GHz,8GB,256GB SSD,Nvidia GeForce GTX 1050M,No OS,2.4kg,4630,SSD
Toshiba,Notebook,15.6,1366x768,Intel Core i5 6200U 2.3GHz,4GB,500GB HDD,Intel HD Graphics 520,Windows 10,2.1kg,3207,HDD
HP,Notebook,15.6,1366x768,AMD A6-Series 9220 2.5GHz,4GB,256GB SSD,AMD Radeon R4 Graphics,Windows 10,1.86kg,1966,SSD
Asus,Ultrabook,14.0,Full HD 1920x1080,Intel Core i7 8550U 1.8GHz,8GB,256GB SSD,Intel UHD Graphics 620,Windows 10,1.25kg,5855,SSD
HP,Ultrabook,12.5,IPS Panel 4K Ultra HD / Touchscreen 3840x2160,Intel Core M 6Y75 1.2GHz,8GB,512GB SSD,Intel HD Graphics 515,Windows 10,0.97kg,10730,SSD
Asus,Notebook,15.6,Full HD 1920x1080,Intel Celeron Dual Core N3350 1.1GHz,4GB,1TB HDD,Intel HD Graphics 500,Windows 10,2kg,1832,HDD
Acer,Notebook,15.6,1366x768,Intel Core i3 6006U 2GHz,4GB,1TB HDD,Intel HD Graphics 520,Windows 10,2.1kg,2381,HDD
Dell,Gaming,15.6,Full HD 1920x1080,Intel Core i7 7700HQ 2.8GHz,16GB,512GB SSD,Nvidia GeForce GTX 1050,Windows 10,2.56kg,6656,SSD
Lenovo,Notebook,15.6,1366x768,Intel Core i5 7200U 2.5GHz,4GB,128GB SSD,Intel HD Graphics 620,Windows 10,1.9kg,2653,SSD
MSI,Gaming,17.3,Full HD 1920x1080,Intel Core i7 7700HQ 2.8GHz,16GB,256GB SSD +  1TB HDD,Nvidia GeForce GTX 1060,Windows 10,2.8kg,10069,SSD
HP,Ultrabook,14.0,Full HD 1920x1080,Intel Core i5 7500U 2.7GHz,4GB,256GB SSD,Intel HD Graphics 620,Windows 10,1.48kg,5764,SSD
HP,Notebook,15.6,Full HD 1920x1080,Intel Core i5 8250U 1.6GHz,6GB,256GB SSD,AMD Radeon 520,Windows 10,1.91kg,3298,SSD
Lenovo,2 in 1 Convertible,14.0,IPS Panel Full HD / Touchscreen 1920x1080,Intel Core i3 7100U 2.4GHz,4GB,256GB SSD,Intel HD Graphics 620,Windows 10,1.74kg,3351,SSD
Asus,2 in 1 Convertible,13.3,Full HD / Touchscreen 1920x1080,Intel Core i5 8250U 1.6GHz,8GB,256GB SSD,Intel HD Graphics 620,Windows 10,1.1kg,7006,SSD
Dell,2 in 1 Convertible,15.6,Full HD / Touchscreen 1920x1080,Intel Core i7 8550U 1.8GHz,8GB,256GB SSD,Intel UHD Graphics 620,Windows 10,1.56kg,5589,SSD
Toshiba,Notebook,15.6,1366x768,Intel Core i3 6006U 2.2GHz,4GB,500GB HDD,Intel HD Graphics 520,Windows 10,2.1kg,2381,HDD
Asus,Notebook,15.6,1366x768,AMD A9-Series 9420 3GHz,4GB,1TB HDD,AMD Radeon R5 M420,Windows 10,2.03kg,2147,HDD
Acer,Notebook,17.3,IPS Panel Full HD 1920x1080,Intel Core i5 8250U 1.6GHz,4GB,256GB SSD,Nvidia GeForce MX150,Windows 10,3kg,4289,SSD
Dell,Notebook,15.6,Full HD 1920x1080,Intel Core i5 8250U 1.6GHz,8GB,256GB SSD,AMD Radeon 520,Windows 10,2.13kg,3878,SSD
Lenovo,Gaming,15.6,IPS Panel Full HD 1920x1080,Intel Core i7 7700HQ 2.8GHz,16GB,256GB SSD,Nvidia GeForce GTX 1050 Ti,Windows 10,2.5kg,5748,SSD
Acer,Notebook,15.6,1366x768,Intel Celeron Dual Core N3350 1.1GHz,4GB,1TB HDD,Intel HD Graphics 500,Windows 10,2.1kg,1854,HDD
MSI,Gaming,15.6,IPS Panel Full HD 1920x1080,Intel Core i7 7700HQ 2.8GHz,16GB,256GB SSD +  1TB HDD,Nvidia GeForce GTX 1060,Windows 10,2.4kg,9585,SSD
Acer,Notebook,15.6,1366x768,Intel Pentium Quad Core N4200 1.1GHz,4GB,1TB HDD,Intel HD Graphics 505,Windows 10,2.1kg,1936,HDD
Dell,Gaming,15.6,Full HD 1920x1080,Intel Core i7 7700HQ 2.8GHz,8GB,128GB SSD ,Nvidia GeForce GTX 1050,Windows 10,2.56kg,5650,SSD
Acer,Notebook,17.3,IPS Panel Full HD 1920x1080,Intel Core i5 8250U 1.6GHz,8GB,256GB SSD,Nvidia GeForce MX150,Windows 10,3kg,4550,SSD
HP,Notebook,13.3,IPS Panel Full HD 1920x1080,Intel Core i5 8250U 1.6GHz,4GB,500GB HDD,Intel UHD Graphics 620,Windows 10,1.49kg,4017,HDD
Huawei,Ultrabook,13.0,IPS Panel Full HD 2160x1440,Intel Core i5 7200U 2.5GHz,8GB,256GB SSD,Intel HD Graphics 620,Windows 10,1.05kg,7187,SSD
HP,Notebook,17.3,IPS Panel Full HD 1920x1080,Intel Core i5 7200U 2.5GHz,6GB,2TB HDD,AMD Radeon 520,Windows 10,2.71kg,3724,HDD
Lenovo,Notebook,15.6,1366x768,AMD A6-Series 9220 2.9GHz,4GB,500GB HDD,AMD Radeon R4 Graphics,No OS,2.2kg,1646,HDD
Toshiba,Notebook,15.6,1366x768,Intel Core i3 7100U 2.4GHz,4GB,500GB HDD,Intel HD Graphics 620,Windows 10,5.4kg,2605,HDD
HP,Notebook,17.3,Full HD 1920x1080,Intel Core i5 8250U 1.6GHz,8GB,256GB SSD,Nvidia GeForce 930MX,Windows 10,2.5kg,4917,SSD
Dell,Notebook,15.6,1366x768,Intel Core i3 7100U 2.4GHz,8GB,1TB HDD,Intel HD Graphics 620,Windows 10,2.3kg,2445,HDD
Acer,Notebook,15.6,1366x768,Intel Core i3 6006U 2GHz,4GB,128GB SSD,Intel HD Graphics 520,Windows 10,2.1kg,2392,SSD
MSI,Gaming,18.4,Full HD 1920x1080,Intel Core i7 6920HQ 2.9GHz,32GB,512GB SSD,Nvidia GTX 980 SLI,Windows 10,4.4kg,14913,SSD
Lenovo,Notebook,15.6,Full HD 1920x1080,Intel Core i5 7200U 2.5GHz,8GB,128GB SSD ,AMD R17M-M1-70,Windows 10,1.90kg,4331,SSD
HP,2 in 1 Convertible,13.3,IPS Panel 4K Ultra HD / Touchscreen 3840x2160,Intel Core i5 8250U 1.6GHz,8GB,256GB SSD,Intel UHD Graphics 620,Windows 10,1.29kg,7986,SSD
Dell,Notebook,15.6,Full HD 1920x1080,Intel Core i7 8550U 1.8GHz,16GB,256GB SSD,AMD Radeon 530,Linux,2.02kg,5589,SSD
Dell,Ultrabook,13.3,Full HD 1920x1080,Intel Core i5 8250U 1.6GHz,8GB,256GB SSD,Intel UHD Graphics 620,Windows 10,1.23kg,7453,SSD
Lenovo,2 in 1 Convertible,13.9,IPS Panel 4K Ultra HD / Touchscreen 3840x2160,Intel Core i7 8550U 1.8GHz,16GB,512GB SSD,Intel UHD Graphics 620,Windows 10,1.4kg,9851,SSD
Toshiba,Notebook,15.6,1366x768,Intel Core i5 7200U 2.5GHz,8GB,128GB SSD,Intel HD Graphics 620,Windows 10,2.0kg,4225,SSD
Xiaomi,Notebook,15.6,IPS Panel Full HD 1920x1080,Intel Core i5 8250U 1.6GHz,8GB,256GB SSD,Nvidia GeForce MX150,No OS,1.95kg,6388,SSD
Dell,Notebook,17.3,Full HD / Touchscreen 1920x1080,Intel Core i7 8550U 1.8GHz,16GB,512GB SSD,Nvidia GeForce 150MX,Windows 10,2.77kg,8253,SSD
Dell,Notebook,15.6,4K Ultra HD / Touchscreen 3840x2160,Intel Core i7 7700HQ 2.8GHz,16GB,512GB SSD,Nvidia GeForce GTX 1050,Windows 10,2.06kg,12771,SSD
Lenovo,Gaming,15.6,IPS Panel Full HD 1920x1080,Intel Core i5 7300HQ 2.5GHz,8GB,256GB SSD,Nvidia GeForce GTX 1050,No OS,2.4kg,4150,SSD
Acer,Ultrabook,13.3,IPS Panel Full HD 1920x1080,Intel Core i5 7Y54 1.2GHz,8GB,256GB SSD,Intel HD Graphics 615,Windows 10,1.12kg,5269,SSD
Dell,Notebook,17.3,Full HD 1920x1080,Intel Core i7 8550U 1.8GHz,8GB,128GB SSD ,AMD Radeon 530,Windows 10,2.8kg,5780,SSD
Vero,Notebook,14.0,IPS Panel Full HD 1920x1080,Intel Celeron Dual Core N3350 1.1GHz,4GB,32GB Flash Storage,Intel HD Graphics 500,Windows 10,1.3kg,1385,Flash
Xiaomi,Ultrabook,13.3,IPS Panel Full HD 1920x1080,Intel Core i5 7200U 2.5GHz,8GB,256GB SSD,Nvidia GeForce MX150,No OS,1.3kg,5327,SSD
Lenovo,Notebook,17.3,1600x900,Intel Core i5 8250U 1.6GHz,8GB,256GB SSD,Nvidia GeForce MX150,No OS,2.8kg,3718,SSD
Dell,2 in 1 Convertible,13.3,IPS Panel Full HD / Touchscreen 1920x1080,Intel Core i7 8550U 1.8GHz,8GB,1TB HDD,Intel UHD Graphics 620,Windows 10,1.62kg,4470,HDD
HP,Notebook,17.3,IPS Panel Full HD 1920x1080,Intel Core i5 8250U 1.6GHz,8GB,1TB HDD,Nvidia GeForce 930MX,Windows 10,2.5kg,4869,HDD
Razer,Gaming,17.3,4K Ultra HD / Touchscreen 3840x2160,Intel Core i7 7820HK 2.9GHz,32GB,1TB SSD,Nvidia GeForce GTX 1080,Windows 10,3.49kg,32495,SSD
HP,Notebook,13.3,Full HD 1920x1080,Intel Core i5 8250U 1.6GHz,8GB,512GB SSD,Intel UHD Graphics 620,Windows 10,1.49kg,5109,SSD
HP,Gaming,17.3,IPS Panel Full HD 1920x1080,Intel Core i7 7700HQ 2.8GHz,16GB,256GB SSD +  1TB HDD,Nvidia GeForce GTX 1050,Windows 10,3.35kg,7347,SSD
HP,Notebook,17.3,Full HD 1920x1080,Intel Core i7 8550U 1.8GHz,8GB,256GB SSD,Nvidia GeForce 930MX ,Windows 10,2.5kg,5567,SSD
Dell,Gaming,15.6,IPS Panel 4K Ultra HD 3840x2160,Intel Core i7 7700HQ 2.8GHz,16GB,512GB SSD,Nvidia GeForce GTX 1060,Windows 10,2.65kg,9830,SSD
Lenovo,Notebook,15.6,1366x768,Intel Core i5 6200U 2.3GHz,4GB,128GB SSD,Intel HD Graphics 520,Windows 10,2.1kg,2626,SSD
Acer,Notebook,15.6,Full HD 1920x1080,Intel Core i7 7500U 2.7GHz,8GB,1TB HDD,Nvidia GeForce 940MX,Windows 10,2.23kg,3953,HDD
Lenovo,Gaming,15.6,IPS Panel Full HD 1920x1080,Intel Core i7 7700HQ 2.8GHz,16GB,512GB SSD,Nvidia GeForce GTX 1060,Windows 10,3.2kg,9318,SSD
Dell,Workstation,15.6,4K Ultra HD 3840x2160,Intel Xeon E3-1505M V6 3GHz,16GB,256GB SSD +  1TB HDD,Nvidia Quadro M1200,Windows 10,2.8kg,16277,SSD
Lenovo,Gaming,15.6,Full HD 1920x1080,Intel Core i7 7700HQ 2.8GHz,16GB,512GB SSD,Nvidia GeForce GTX 1060,No OS,2.4kg,7448,SSD
Dell,Notebook,15.6,Touchscreen 1366x768,Intel Core i3 7100U 2.4GHz,6GB,1TB HDD,Intel HD Graphics 620,Windows 10,2.3kg,2338,HDD
Dell,Ultrabook,13.3,IPS Panel 4K Ultra HD / Touchscreen 3840x2160,Intel Core i7 8550U 1.8GHz,8GB,256GB SSD,Intel UHD Graphics 620,Windows 10,1.21kg,10384,SSD
Acer,Notebook,15.6,Full HD 1920x1080,Intel Core i7 7700HQ 2.8GHz,8GB,1TB HDD,Nvidia GeForce GTX 1050,Linux,2.4kg,4150,HDD
Asus,Gaming,17.3,Full HD 1920x1080,Intel Core i7 7700HQ 2.8GHz,16GB,256GB SSD +  1TB HDD,Nvidia GeForce GTX 1050,Windows 10,2.9kg,7496,SSD
HP,Notebook,15.6,Full HD 1920x1080,Intel Core i3 6006U 2GHz,4GB,500GB HDD,Intel HD Graphics 520,No OS,2.1kg,1859,HDD
Lenovo,Notebook,15.6,Full HD 1920x1080,Intel Core i5 7200U 2.5GHz,8GB,256GB SSD,Intel HD Graphics 620,No OS,2.2kg,2925,SSD
Huawei,Ultrabook,13.0,IPS Panel Full HD 2160x1440,Intel Core i7 7500U 2.7GHz,8GB,512GB SSD,Intel HD Graphics 620,Windows 10,1.05kg,7986,SSD
Dell,Ultrabook,13.3,IPS Panel Full HD 1920x1080,Intel Core i7 8550U 1.8GHz,8GB,256GB SSD,AMD Radeon 530,Windows 10,1.4kg,4965,SSD
Lenovo,Notebook,17.3,1600x900,Intel Core i5 7200U 2.5GHz,8GB,1TB HDD,Nvidia GeForce GTX 940MX,No OS,2.8kg,3138,HDD
HP,Notebook,14.0,Full HD 1920x1080,Intel Core i7 8550U 1.8GHz,8GB,256GB SSD,Nvidia GeForce 930MX,Windows 10,1.63kg,5493,SSD
Dell,Ultrabook,14.0,Full HD 1920x1080,Intel Core i5 8250U 1.6GHz,8GB,256GB SSD,Intel UHD Graphics 620,Windows 10,1.6kg,6121,SSD
Dell,2 in 1 Convertible,13.3,Full HD / Touchscreen 1920x1080,Intel Core i7 8550U 1.8GHz,16GB,512GB SSD,Intel UHD Graphics 620,Windows 10,1.62kg,6814,SSD
Dell,Notebook,15.6,Full HD 1920x1080,Intel Core i5 8250U 1.6GHz,8GB,256GB SSD,AMD Radeon 520,Linux,2.2kg,3608,SSD
Lenovo,2 in 1 Convertible,14.0,IPS Panel Full HD 1920x1080,Intel Core i5 8250U 1.6GHz,8GB,256GB SSD,Intel UHD Graphics 620,Windows 10,1.74kg,4789,SSD
Toshiba,Ultrabook,13.3,Full HD 1920x1080,Intel Core i7 6500U 2.5GHz,8GB,256GB SSD,Intel HD Graphics 520,Windows 10,1.2kg,7262,SSD
HP,Notebook,15.6,Full HD 1920x1080,Intel Core i5 8250U 1.6GHz,8GB,1TB HDD,Intel UHD Graphics 620,Windows 10,2.1kg,4230,HDD
Dell,Gaming,17.3,IPS Panel Full HD 1920x1080,Intel Core i7 7700HQ 2.8GHz,16GB,256GB SSD +  1TB HDD,Nvidia GeForce GTX 1060,Windows 10,4.42kg,13087,SSD
Acer,Notebook,15.6,Full HD 1920x1080,Intel Core i7 7500U 2.7GHz,8GB,256GB SSD,Nvidia GeForce 940MX,Windows 10,2.2kg,4432,SSD
Dell,Notebook,15.6,Full HD / Touchscreen 1920x1080,Intel Core i7 7500U 2.7GHz,16GB,1TB HDD,AMD Radeon R7 M445,Windows 10,2.3kg,4576,HDD
Asus,Notebook,15.6,Full HD 1920x1080,Intel Core i5 7200U 2.5GHz,8GB,256GB SSD,Nvidia GeForce 920MX ,Windows 10,2kg,4097,SSD
Asus,Notebook,17.3,Full HD 1920x1080,Intel Core i5 7200U 2.5GHz,8GB,256GB SSD,Nvidia GeForce GTX 950M,Windows 10,2.69kg,4747,SSD
HP,Notebook,15.6,Full HD 1920x1080,Intel Core i7 7500U 2.7GHz,8GB,1TB HDD,AMD FirePro W4190M ,Windows 10,1.9kg,6761,HDD
Asus,Notebook,15.6,1366x768,Intel Core i3 7100U 2.4GHz,4GB,1TB HDD,Intel HD Graphics 620,Windows 10,2.37kg,2125,HDD
HP,Notebook,15.6,1366x768,AMD E-Series 9000e 1.5GHz,4GB,500GB HDD,AMD Radeon R2,Windows 10,2.1kg,1758,HDD
Lenovo,Gaming,15.6,IPS Panel Full HD 1920x1080,Intel Core i7 7700HQ 2.8GHz,16GB,256GB SSD +  1TB HDD,Nvidia GeForce GTX 1060,Windows 10,3.2kg,7986,SSD
Dell,Notebook,14.0,Full HD 1920x1080,Intel Core i5 7200U 2.5GHz,8GB,256GB SSD,Intel HD Graphics 620,Windows 10,1.6kg,4576,SSD
Acer,2 in 1 Convertible,13.3,IPS Panel Full HD / Touchscreen 1920x1080,Intel Core i5 6200U 2.3GHz,8GB,256GB SSD,Intel HD Graphics 520,Windows 10,1.6kg,3670,SSD
Dell,Notebook,15.6,Full HD 1920x1080,Intel Core i7 7500U 2.7GHz,16GB,256GB SSD,AMD Radeon R7 M445,Linux,2.36kg,4789,SSD
Acer,Notebook,15.6,1366x768,Intel Core i3 6006U 2GHz,4GB,1TB HDD,Intel HD Graphics 520,Linux,2.1kg,2077,HDD
Asus,Notebook,15.6,Full HD 1920x1080,AMD A10-Series A10-9620P 2.5GHz,4GB,128GB SSD ,AMD Radeon R5 M430,Windows 10,2.2kg,3063,SSD
Asus,Gaming,17.3,Full HD 1920x1080,Intel Core i7 7820HK 2.9GHz,32GB,512GB SSD,Nvidia GeForce GTX 1080,Windows 10,4.7kg,20725,SSD
Acer,Gaming,15.6,IPS Panel Full HD 1920x1080,Intel Core i5 7300HQ 2.5GHz,8GB,256GB SSD,Nvidia GeForce GTX 1050,Windows 10,2.5kg,4507,SSD
Lenovo,Notebook,15.6,1366x768,Intel Core i3 6006U 2GHz,8GB,128GB SSD,Intel HD Graphics 520,Windows 10,7.2kg,3138,SSD
Asus,Notebook,17.3,Full HD 1920x1080,Intel Core i7 8550U 1.8GHz,8GB,128GB SSD ,Nvidia GeForce 150MX,Windows 10,2.1kg,6100,SSD
Asus,Notebook,17.3,Full HD 1920x1080,Intel Core i7 7500U 2.7GHz,8GB,128GB SSD ,Nvidia GeForce GTX 950M,No OS,2.69kg,4736,SSD
Dell,Gaming,15.6,Full HD 1920x1080,Intel Core i5 7300HQ 2.5GHz,8GB,256GB SSD,Nvidia GeForce GTX 1050,Windows 10,2.56kg,4683,SSD
Lenovo,2 in 1 Convertible,13.9,IPS Panel Full HD / Touchscreen 1920x1080,Intel Core i7 7500U 2.7GHz,8GB,256GB SSD,Intel HD Graphics 620,Windows 10,1.38kg,5748,SSD
Dell,Notebook,15.6,Full HD 1920x1080,Intel Core i7 8550U 1.8GHz,8GB,128GB SSD ,AMD Radeon 530,Windows 10,2.2kg,5248,SSD
HP,Notebook,15.6,Touchscreen 1366x768,Intel Core i5 7200U 2.5GHz,8GB,1TB HDD,Intel HD Graphics 620,Windows 10,2.04kg,2978,HDD
Asus,Gaming,17.3,Full HD 1920x1080,Intel Core i7 7820HK 2.9GHz,16GB,256GB SSD,Nvidia GeForce GTX 1080,Windows 10,3.6kg,15978,SSD
HP,Notebook,13.3,IPS Panel Full HD 1920x1080,Intel Core i5 8250U 1.6GHz,4GB,500GB HDD,Intel UHD Graphics 620,Windows 10,1.49kg,3596,HDD
Apple,Ultrabook,13.3,IPS Panel Retina Display 2560x1600,Intel Core i5 3.1GHz,8GB,512GB SSD,Intel Iris Plus Graphics 650,macOS,1.37kg,10869,SSD
Dell,2 in 1 Convertible,15.6,IPS Panel Full HD / Touchscreen 1920x1080,Intel Core i7 8550U 1.8GHz,8GB,1TB HDD,Intel UHD Graphics 620,Windows 10,2.08kg,4363,HDD
Asus,Gaming,17.3,Full HD 1920x1080,Intel Core i7 7700HQ 2.8GHz,16GB,256GB SSD +  1TB HDD,Nvidia GeForce GTX 980M,Windows 10,4.3kg,9585,SSD
Asus,Notebook,15.6,1366x768,AMD A9-Series 9420 3GHz,4GB,1TB HDD,AMD Radeon R5 M420,Windows 10,1.68kg,2498,HDD
Lenovo,2 in 1 Convertible,13.9,IPS Panel Full HD / Touchscreen 1920x1080,Intel Core i7 8550U 1.8GHz,8GB,512GB SSD,Intel UHD Graphics 620,Windows 10,1.37kg,9851,SSD
Acer,Notebook,17.3,IPS Panel Full HD 1920x1080,Intel Core i3 7130U 2.7GHz,4GB,256GB SSD,Nvidia GeForce MX130,Windows 10,3kg,3740,SSD
Dell,Ultrabook,13.3,Full HD 1920x1080,Intel Core i5 8250U 1.6GHz,8GB,256GB SSD,Intel UHD Graphics 620,Windows 10,1.41kg,5056,SSD
HP,Notebook,15.6,1366x768,AMD A6-Series A6-9220 2.5GHz,8GB,128GB SSD,AMD Radeon R4 Graphics,Windows 10,1.91kg,2375,SSD
HP,Notebook,17.3,IPS Panel Full HD 1920x1080,Intel Core i7 8550U 1.8GHz,16GB,1TB HDD,Nvidia GeForce MX150,Windows 10,2.9kg,5642,HDD
MSI,Gaming,17.3,Full HD 1920x1080,Intel Core i7 7700HQ 2.8GHz,16GB,512GB SSD,Nvidia GeForce GTX 1070,Windows 10,4.14kg,13314,SSD
Lenovo,2 in 1 Convertible,15.6,IPS Panel Full HD / Touchscreen 1920x1080,Intel Core i7 7700HQ 2.8GHz,8GB,512GB SSD,Nvidia GeForce GTX 1050M,Windows 10,2kg,9052,SSD
Dell,Notebook,17.3,Full HD 1920x1080,Intel Core i7 8550U 1.8GHz,8GB,128GB SSD ,AMD Radeon 530,Windows 10,2.8kg,6084,SSD
Lenovo,Notebook,15.6,Full HD 1920x1080,Intel Core i3 6006U 2GHz,4GB,256GB SSD,Intel HD Graphics 520,No OS,2.2kg,2365,SSD
HP,Notebook,15.6,IPS Panel Full HD 1920x1080,Intel Core i5 8250U 1.6GHz,4GB,500GB HDD,Intel HD Graphics 620,Windows 10,2.1kg,3846,HDD
Dell,Notebook,15.6,Full HD 1920x1080,Intel Core i5 7200U 2.5GHz,4GB,1TB HDD,Intel HD Graphics 620,Windows 10,2.18kg,3500,HDD
Dell,Notebook,15.6,Full HD 1920x1080,Intel Core i5 7200U 2.5GHz,8GB,1TB HDD,AMD Radeon R5 M430,Windows 10,2.24kg,3010,HDD
Dell,2 in 1 Convertible,15.6,Full HD / Touchscreen 1920x1080,Intel Core i5 8250U 1.6GHz,8GB,256GB SSD,Intel UHD Graphics 620,Windows 10,2.67kg,4257,SSD
Asus,2 in 1 Convertible,13.3,Full HD / Touchscreen 1920x1080,Intel Core i7 8550U 1.8GHz,8GB,512GB SSD,Intel UHD Graphics 620,Windows 10,4.1kg,7986,SSD
HP,Notebook,17.3,Full HD 1920x1080,Intel Core i7 8550U 1.8GHz,8GB,1TB HDD,Nvidia GeForce 930MX ,Windows 10,2.5kg,5423,HDD
Lenovo,Notebook,15.6,Full HD 1920x1080,Intel Core i7 8550U 1.8GHz,8GB,256GB SSD,Intel UHD Graphics 620,Windows 10,2.05kg,4688,SSD
Apple,Ultrabook,13.3,IPS Panel Retina Display 2560x1600,Intel Core i5 2.9GHz,8GB,512GB SSD,Intel Iris Graphics 550,macOS,1.37kg,10437,SSD
Asus,Gaming,17.3,Full HD 1920x1080,AMD Ryzen 1700 3GHz,16GB,256GB SSD +  1TB HDD,AMD Radeon RX 580,Windows 10,3.2kg,8253,SSD
Dell,Notebook,15.6,Full HD 1920x1080,Intel Core i7 8550U 1.8GHz,8GB,256GB SSD,AMD Radeon 520,Linux,2.14kg,3916,SSD
Lenovo,2 in 1 Convertible,14.0,Touchscreen 2560x1440,Intel Core i7 6600U 2.6GHz,16GB,512GB SSD,Intel HD Graphics 520,Windows 10,1.36kg,13314,SSD
Toshiba,Notebook,15.6,1366x768,Intel Core i7 6500U 2.5GHz,8GB,500GB HDD,Nvidia GeForce 930M,Windows 10,2.2kg,4326,HDD
Dell,Notebook,15.6,1366x768,Intel Core i7 7500U 2.7GHz,12GB,1TB HDD,Intel HD Graphics 620,Windows 10,2.3kg,3799,HDD
Dell,Notebook,17.3,Full HD 1920x1080,Intel Core i7 8550U 1.8GHz,8GB,128GB SSD ,AMD Radeon 530,Linux,2.8kg,5855,SSD
Acer,Notebook,15.6,IPS Panel Full HD 1920x1080,Intel Core i7 8550U 1.8GHz,8GB,1TB HDD,Nvidia GeForce MX130,Windows 10,2.2kg,3969,HDD
Lenovo,Notebook,17.3,1600x900,Intel Core i3 6006U 2GHz,4GB,1TB HDD,Intel HD Graphics 520,Windows 10,2.8kg,2605,HDD
Lenovo,Notebook,17.3,Full HD 1920x1080,Intel Core i7 8550U 1.8GHz,8GB,2TB HDD,Nvidia GeForce MX150,No OS,2.8kg,4523,HDD
Lenovo,Notebook,17.3,1600x900,Intel Core i7 7500U 2.7GHz,6GB,128GB SSD ,Nvidia GeForce 940MX,Windows 10,2.8kg,4576,SSD
Dell,Notebook,15.6,Full HD 1920x1080,Intel Core i3 6006U 2.0GHz,4GB,1TB HDD,AMD Radeon R5 M430,Linux,2.25kg,2280,HDD
Lenovo,Gaming,15.6,IPS Panel Full HD 1920x1080,Intel Core i5 7300HQ 2.5GHz,8GB,256GB SSD,Nvidia GeForce GTX 1050,Windows 10,2.5kg,4416,SSD
Lenovo,Notebook,15.6,Full HD 1920x1080,Intel Core i5 7200U 2.5GHz,6GB,256GB SSD,Intel HD Graphics 620,Windows 10,2.2kg,3084,SSD
Acer,Notebook,15.6,IPS Panel Full HD 1920x1080,Intel Core i7 8550U 1.8GHz,8GB,256GB SSD,Nvidia GeForce MX150,Windows 10,3kg,5066,SSD
Acer,Notebook,15.6,IPS Panel Full HD / Touchscreen 1920x1080,Intel Core i7 7500U 2.7GHz,12GB,1TB HDD,Intel HD Graphics 620,Windows 10,2.15kg,3511,HDD
Lenovo,Notebook,15.6,IPS Panel Full HD 1920x1080,Intel Core i7 7500U 2.7GHz,8GB,256GB SSD,Intel HD Graphics 630,Windows 10,1.95kg,5844,SSD
Asus,Ultrabook,15.6,Full HD 1920x1080,Intel Core i5 7200U 2.5GHz,8GB,256GB SSD,Nvidia GeForce 940MX,Windows 10,1.7kg,5205,SSD
Lenovo,Gaming,15.6,IPS Panel Full HD 1920x1080,Intel Core i7 7700HQ 2.8GHz,16GB,256GB SSD +  1TB HDD,Nvidia GeForce GTX 1050 Ti,Windows 10,2.5kg,6281,SSD
Lenovo,Notebook,15.6,Full HD 1920x1080,Intel Core i7 7500U 2.7GHz,8GB,1TB HDD,Nvidia GeForce 940MX,No OS,2.2kg,3511,HDD
Acer,Notebook,15.6,1366x768,Intel Celeron Dual Core 3205U 1.5GHz,2GB,16GB SSD,Intel HD Graphics,Chrome OS,2.19kg,1060,SSD
Asus,Gaming,17.3,Full HD 1920x1080,Intel Core i7 7700HQ 2.8GHz,8GB,1TB HDD,Nvidia GeForce GTX 1050,Windows 10,3kg,6324,HDD
HP,Notebook,17.3,1600x900,Intel Core i3 6006U 2GHz,8GB,1TB HDD,Intel HD Graphics 520,Windows 10,2.54kg,2605,HDD
Dell,Notebook,15.6,Full HD 1920x1080,Intel Core i7 7700HQ 2.8GHz,8GB,256GB SSD,Nvidia GeForce GTX 1050,Windows 10,2kg,9744,SSD
Lenovo,Notebook,15.6,Full HD 1920x1080,Intel Core i5 8250U 1.6GHz,8GB,256GB SSD,Intel UHD Graphics 620,Windows 10,2.05kg,3937,SSD
Lenovo,Gaming,15.6,IPS Panel Full HD 1920x1080,Intel Core i7 7700HQ 2.8GHz,8GB,1TB HDD,Nvidia GeForce GTX 1060,Windows 10,3.2kg,6921,HDD
Acer,Notebook,15.6,Full HD 1920x1080,Intel Core i7 7700HQ 2.8GHz,8GB,256GB SSD,Nvidia GeForce GTX 1050 Ti,Linux,2.5kg,5216,SSD
Dell,Workstation,17.3,Full HD 1920x1080,Intel Core i7 7820HQ 2.9GHz,16GB,256GB SSD,Nvidia Quadro M1200,Windows 10,3.42kg,15370,SSD
Lenovo,Notebook,15.6,Full HD 1920x1080,AMD A10-Series 9600P 2.4GHz,6GB,1TB HDD,AMD Radeon R5 430,Windows 10,2.4kg,2658,HDD
Asus,Ultrabook,15.6,Full HD 1920x1080,Intel Core i7 7500U 2.7GHz,16GB,512GB SSD,Nvidia GeForce 940MX,Windows 10,1.63kg,7821,SSD
Asus,Notebook,14.0,1366x768,Intel Core i3 7100U 2.4GHz,4GB,128GB SSD,Intel HD Graphics 620,Windows 10,1.3kg,2711,SSD
Asus,Gaming,17.3,Full HD 1920x1080,Intel Core i7 7700HQ 2.8GHz,16GB,256GB SSD +  1TB HDD,Nvidia GeForce GTX 1070,Windows 10,2.9kg,11306,SSD
Lenovo,Notebook,17.3,1600x900,Intel Core i5 7200U 2.5GHz,6GB,1TB HDD,Nvidia GeForce GTX 940M,Windows 10,5.8kg,3457,HDD
Lenovo,Notebook,15.6,1366x768,Intel Core i5 7200U 2.5GHz,8GB,2TB HDD,Nvidia GeForce 940MX,No OS,2.2kg,2925,HDD
Asus,Gaming,15.6,Full HD 1920x1080,Intel Core i7 7700HQ 2.8GHz,8GB,128GB SSD ,Nvidia GeForce GTX 1050 Ti,Windows 10,2.5kg,6739,SSD
Lenovo,Notebook,15.6,1366x768,Intel Pentium Quad Core N4200 1.1GHz,4GB,1TB HDD,Intel HD Graphics 505,No OS,2.2kg,1918,HDD
HP,2 in 1 Convertible,13.3,Full HD / Touchscreen 1920x1080,Intel Core i7 7600U 2.8GHz,16GB,256GB SSD,Intel HD Graphics 620,Windows 10,1.28kg,10522,SSD
Toshiba,Notebook,15.6,IPS Panel Full HD 1920x1080,Intel Core i7 6500U 2.5GHz,8GB,256GB SSD,Nvidia GeForce 930M,Windows 10,2.2kg,5557,SSD
Lenovo,Notebook,15.6,Full HD 1920x1080,Intel Core i5 7200U 2.5GHz,8GB,128GB SSD ,Nvidia GeForce 940MX,Windows 10,2.3kg,4363,SSD
HP,Notebook,15.6,Full HD 1920x1080,Intel Core i3 6006U 2GHz,4GB,1TB HDD,Intel HD Graphics 520,Windows 10,1.86kg,2498,HDD
Lenovo,Notebook,13.3,IPS Panel Full HD 1920x1080,Intel Core i5 7200U 2.5GHz,8GB,256GB SSD,Intel HD Graphics 620,Windows 10,1.1kg,5322,SSD
Dell,Ultrabook,13.3,IPS Panel 4K Ultra HD / Touchscreen 3840x2160,Intel Core i7 8550U 1.8GHz,16GB,1TB SSD,Intel UHD Graphics 620,Windows 10,1.21kg,13314,SSD
MSI,Gaming,15.6,IPS Panel Full HD 1920x1080,Intel Core i7 7700HQ 2.8GHz,16GB,256GB SSD +  1TB HDD,Nvidia GeForce GTX 1070,Windows 10,2.8kg,11183,SSD
Acer,Notebook,15.6,Full HD 1920x1080,AMD A8-Series 7410 2.2GHz,8GB,256GB SSD,AMD Radeon R5,Windows 10,2.23kg,2498,SSD
Asus,2 in 1 Convertible,11.6,Touchscreen 1366x768,Intel Celeron Dual Core N3350 1.1GHz,2GB,32GB Flash Storage,Intel HD Graphics 500,Windows 10,1.1kg,1465,Flash
Dell,Notebook,15.6,Full HD 1920x1080,Intel Core i5 8250U 1.6GHz,8GB,128GB SSD ,AMD Radeon 530,Windows 10,2.33kg,4496,SSD
HP,2 in 1 Convertible,13.3,IPS Panel 4K Ultra HD / Touchscreen 3840x2160,Intel Core i7 8550U 1.8GHz,16GB,1TB SSD,Intel UHD Graphics 620,Windows 10,1.29kg,13048,SSD
Lenovo,Notebook,13.3,1366x768,Intel Celeron Dual Core 3855U 1.6GHz,4GB,16GB Flash Storage,Intel HD Graphics 510,Chrome OS,1.45kg,2450,Flash
HP,Notebook,14.0,Full HD 1920x1080,Intel Core i5 7200U 2.5GHz,8GB,256GB SSD,Intel HD Graphics 620,Windows 10,1.95kg,5221,SSD
Acer,Notebook,11.6,1366x768,Intel Pentium Quad Core N3710 1.6GHz,4GB,128GB Flash Storage,Intel HD Graphics 405,Windows 10,1.4kg,2584,Flash
HP,Notebook,14.0,Full HD 1920x1080,Intel Core i7 7500U 2.7GHz,8GB,256GB SSD,Intel HD Graphics 620,Windows 10,1.48kg,6883,SSD
Lenovo,Notebook,17.3,1600x900,Intel Core i5 7200U 2.5GHz,4GB,1TB HDD,Nvidia GeForce 920MX,Windows 10,2.79kg,3138,HDD
Asus,Notebook,14.0,Full HD 1920x1080,Intel Core i7 7500U 2.7GHz,8GB,256GB SSD,Intel HD Graphics 620,Windows 10,2kg,5828,SSD
HP,Notebook,15.6,IPS Panel Full HD 1366x768,Intel Core i7 8550U 1.8GHz,8GB,1TB HDD,Intel UHD Graphics 620,Windows 10,2.1kg,4805,HDD
Acer,Notebook,15.6,1366x768,AMD A12-Series 9720P 2.7GHz,8GB,256GB SSD,AMD Radeon RX 540,Windows 10,2.2kg,3511,SSD
Lenovo,Notebook,14.0,1366x768,Intel Celeron Dual Core N3350 1.1GHz,4GB,32GB Flash Storage,Intel HD Graphics 500,Windows 10,1.44kg,1555,Flash
Acer,Notebook,15.6,1366x768,Intel Core i5 7200U 2.5GHz,6GB,1TB HDD,Intel HD Graphics 620,Windows 10,8.23kg,2925,HDD
Asus,Ultrabook,15.6,Full HD 1920x1080,Intel Core i7 7500U 2.7GHz,8GB,256GB SSD,Nvidia GeForce 940MX,Windows 10,1.7kg,5593,SSD
HP,Ultrabook,12.5,Full HD 1920x1080,Intel Core i7 7500U 2.7GHz,8GB,256GB SSD,Intel HD Graphics 620,Windows 10,1.26kg,7112,SSD
Dell,Notebook,15.6,4K Ultra HD / Touchscreen 3840x2160,Intel Core i7 7700HQ 2.8GHz,32GB,1TB SSD,Nvidia GeForce GTX 1050,Windows 10,2.06kg,14060,SSD
MSI,Gaming,17.3,Full HD 1920x1080,Intel Core i7 7700HQ 2.8GHz,8GB,256GB SSD +  1TB HDD,Nvidia GeForce GTX 1050 Ti,Windows 10,2.7kg,6388,SSD
Toshiba,Notebook,15.6,IPS Panel Full HD 1920x1080,Intel Core i5 7200U 2.5GHz,8GB,256GB SSD,Intel HD Graphics 620,Windows 10,2.0kg,5024,SSD
Asus,Notebook,14.0,Full HD 1920x1080,Intel Core i7 7500U 2.7GHz,8GB,256GB SSD +  1TB HDD,Intel HD Graphics 620,Windows 10,2kg,7107,SSD
Lenovo,Notebook,15.6,Full HD 1920x1080,Intel Core i3 6006U 2GHz,4GB,1TB HDD,Intel HD Graphics 520,Windows 10,1.85kg,2392,HDD
Asus,Gaming,15.6,Full HD 1920x1080,Intel Core i7 7700HQ 2.8GHz,8GB,256GB SSD,Nvidia GeForce GTX 1050,Windows 10,2.5kg,5322,SSD
HP,Notebook,14.0,Full HD 1920x1080,Intel Core i5 7300U 2.6GHz,8GB,256GB SSD,Intel HD Graphics 620,Windows 10,1.48kg,6755,SSD
HP,Notebook,15.6,Full HD 1920x1080,Intel Core i5 7200U 2.5GHz,8GB,256GB SSD,Intel HD Graphics 620,Windows 10,1.84kg,6095,SSD
Asus,Notebook,15.6,1366x768,Intel Celeron Dual Core N3350 1.1GHz,4GB,1TB HDD,Intel HD Graphics 500,Linux,2kg,1465,HDD
Dell,Notebook,15.6,Full HD 1920x1080,Intel Core i5 8250U 1.6GHz,8GB,256GB SSD,Nvidia GeForce 940MX,Windows 10,2kg,6088,SSD
Dell,Notebook,15.6,1366x768,Intel Celeron Dual Core N3060 1.6GHz,4GB,500GB HDD,Intel HD Graphics,Linux,2.2kg,1464,HDD
Lenovo,Notebook,15.6,Full HD 1920x1080,AMD A12-Series 9720P 3.6GHz,12GB,2TB HDD,AMD Radeon 530,Windows 10,2.2kg,4789,HDD
HP,Notebook,15.6,IPS Panel Full HD 1920x1080,Intel Core i3 7100U 2.4GHz,8GB,1TB HDD,Nvidia GeForce 930MX ,Windows 10,2.1kg,3814,HDD
Lenovo,2 in 1 Convertible,13.9,IPS Panel 4K Ultra HD / Touchscreen 3840x2160,Intel Core i7 8550U 1.8GHz,16GB,512GB SSD,Intel UHD Graphics 620,Windows 10,1.4kg,11183,SSD
Dell,Ultrabook,13.3,Full HD 1920x1080,Intel Core i7 8550U 1.8GHz,8GB,256GB SSD,Intel UHD Graphics 620,Windows 10,1.2kg,8412,SSD
Lenovo,Gaming,15.6,IPS Panel Full HD 1920x1080,Intel Core i7 7700HQ 2.8GHz,16GB,256GB SSD,Nvidia GeForce GTX 1050 Ti,Windows 10,2.4kg,6015,SSD
HP,Notebook,14.0,1366x768,Intel Celeron Dual Core N3060 1.6GHz,2GB,32GB Flash Storage,Intel HD Graphics 400,Windows 10,1.44kg,1486,Flash
Dell,Ultrabook,15.6,Full HD 1920x1080,Intel Core i7 8650U 1.9GHz,16GB,512GB SSD,Intel UHD Graphics 620,Windows 10,1.88kg,8567,SSD
Asus,2 in 1 Convertible,11.6,Touchscreen 1366x768,Intel Celeron Dual Core N3350 1.1GHz,4GB,32GB Flash Storage,Intel HD Graphics 500,Windows 10,1.5kg,1998,Flash
HP,Notebook,15.6,Full HD 1920x1080,Intel Core i7 7500U 2.7GHz,8GB,256GB SSD,Intel HD Graphics 620,Windows 10,1.84kg,6947,SSD
MSI,Gaming,17.3,Full HD 1920x1080,Intel Core i7 7700HQ 2.8GHz,8GB,128GB SSD ,Nvidia GeForce GTX 1060,Windows 10,2.7kg,7507,SSD
HP,Workstation,15.6,Full HD 1920x1080,Intel Core i7 7700HQ 2.8GHz,8GB,256GB SSD,Nvidia Quadro M1200,Windows 10,2.6kg,9261,SSD
Toshiba,Notebook,15.6,IPS Panel Full HD 1920x1080,Intel Core i7 6500U 2.5GHz,16GB,512GB SSD,Nvidia GeForce 930M,Windows 10,2.4kg,7475,SSD
Dell,Notebook,15.6,Full HD 1920x1080,Intel Core i7 8550U 1.8GHz,8GB,128GB SSD,AMD Radeon 530,Windows 10,2.02kg,5172,SSD
Lenovo,Notebook,15.6,1366x768,Intel Celeron Dual Core N3350 1.1GHz,4GB,1TB HDD,Intel HD Graphics 500,No OS,2.2kg,1715,HDD
Dell,Gaming,15.6,Full HD 1920x1080,Intel Core i5 7300HQ 2.5GHz,8GB,1TB HDD,Nvidia GeForce GTX 1050,Windows 10,2.65kg,5322,HDD
Dell,Notebook,15.6,Touchscreen 1366x768,Intel Core i5 7200U 2.5GHz,8GB,2TB HDD,Intel HD Graphics 620,Windows 10,2.36kg,2969,HDD
Dell,Notebook,14.0,Full HD 1920x1080,Intel Core i5 7300U 2.6GHz,8GB,256GB SSD,Intel HD Graphics 620,Windows 10,1.36kg,7603,SSD
HP,Notebook,15.6,1366x768,Intel Core i3 6006U 2GHz,4GB,500GB HDD,Intel HD Graphics 520,Windows 10,1.86kg,2338,HDD
Asus,Notebook,14.0,Full HD 1920x1080,Intel Core i5 7200U 2.5GHz,8GB,256GB SSD,Intel HD Graphics 620,Windows 10,2kg,5034,SSD
Lenovo,Notebook,17.3,1600x900,Intel Core i5 7200U 2.5GHz,6GB,128GB SSD ,Nvidia GeForce GTX 940MX,Windows 10,2.8kg,3830,SSD
HP,Notebook,15.6,Full HD 1920x1080,Intel Core i5 7200U 2.5GHz,8GB,1TB HDD,Intel HD Graphics 620,Windows 10,1.86kg,3404,HDD
Lenovo,Notebook,15.6,1366x768,Intel Core i3 6006U 2GHz,8GB,256GB SSD,Nvidia GeForce 920MX ,No OS,2.2kg,2658,SSD
HP,Notebook,15.6,1366x768,Intel Pentium Quad Core N3710 1.6GHz,8GB,2TB HDD,Intel HD Graphics 405,Windows 10,2.04kg,2072,HDD
Dell,Notebook,17.3,Full HD 1920x1080,Intel Core i5 8250U 1.6GHz,8GB,128GB SSD ,AMD Radeon 530,Windows 10,2.8kg,5780,SSD
Lenovo,Gaming,15.6,IPS Panel Full HD 1920x1080,Intel Core i5 7300HQ 2.5GHz,8GB,128GB SSD ,Nvidia GeForce GTX 1050,No OS,2.4kg,4310,SSD
Dell,Notebook,15.6,Full HD 1920x1080,Intel Core i7 7500U 2.7GHz,8GB,256GB SSD,AMD Radeon R7 M445,Windows 10,2.33kg,4789,SSD
HP,Ultrabook,14.0,IPS Panel Full HD 1920x1080,Intel Core i7 7500U 2.7GHz,8GB,256GB SSD,Intel HD Graphics 620,Windows 10,1.36kg,9324,SSD
Asus,2 in 1 Convertible,15.6,Full HD / Touchscreen 1920x1080,Intel Core i7 7500U 2.7GHz,12GB,512GB SSD,Nvidia GeForce GT 940MX,Windows 10,2.26kg,5855,SSD
Acer,Notebook,15.6,1366x768,AMD A9-Series 9420 3GHz,4GB,128GB SSD,AMD Radeon R5,Windows 10,2.1kg,2269,SSD
Asus,Gaming,17.3,IPS Panel Full HD 1920x1080,AMD Ryzen 1700 3GHz,16GB,256GB SSD +  1TB HDD,AMD Radeon RX 580,Windows 10,3.25kg,11716,SSD
Lenovo,Notebook,17.3,1600x900,AMD A8-Series 7410 2.2GHz,4GB,128GB SSD,AMD Radeon R5,Windows 10,2.6kg,2605,SSD
Dell,2 in 1 Convertible,13.3,Full HD / Touchscreen 1920x1080,Intel Core i7 8550U 1.8GHz,8GB,256GB SSD,Intel UHD Graphics 620,Windows 10,1.62kg,4630,SSD
HP,Notebook,15.6,Full HD 1920x1080,AMD A9-Series 9420 3GHz,4GB,256GB SSD,AMD Radeon R5,Windows 10,1.91kg,2605,SSD
Lenovo,Netbook,11.6,IPS Panel 1366x768,Intel Celeron Quad Core N3450 1.1GHz,4GB,128GB SSD,Intel HD Graphics 500,Windows 10,1.59kg,2946,SSD
Dell,Notebook,15.6,1366x768,Intel Celeron Dual Core N3060 1.60GHz,4GB,500GB HDD,Intel HD Graphics 400,Windows 10,1.8kg,1646,HDD
Asus,Notebook,14.0,1366x768,Intel Celeron Dual Core N3350 1.1GHz,4GB,32GB Flash Storage,Intel HD Graphics 500,Windows 10,1.5kg,1523,Flash
Acer,Notebook,15.6,Full HD 1920x1080,Intel Core i7 7700HQ 2.8GHz,8GB,1TB HDD,Nvidia GeForce GTX 1050,Linux,2.4kg,4507,HDD
HP,Gaming,17.3,IPS Panel Full HD 1920x1080,Intel Core i7 7700HQ 2.8GHz,8GB,128GB SSD ,Nvidia GeForce GTX 1050,Windows 10,3.35kg,6345,SSD
Lenovo,Notebook,15.6,Full HD 1920x1080,Intel Core i3 6006U 2GHz,4GB,128GB SSD,Intel HD Graphics 520,No OS,1.85kg,2149,SSD
Asus,Gaming,15.6,IPS Panel Full HD 1920x1080,Intel Core i7 7700HQ 2.8GHz,8GB,128GB SSD ,Nvidia GeForce GTX 1060,Windows 10,2.3kg,8817,SSD
Lenovo,Notebook,14.0,IPS Panel Full HD 1920x1080,Intel Core i5 7200U 2.5GHz,8GB,256GB SSD,Nvidia GeForce 940MX,Windows 10,1.5kg,5855,SSD
Asus,Ultrabook,13.3,Full HD / Touchscreen 1920x1080,Intel Core i7 7500U 2.7GHz,16GB,512GB SSD,Intel HD Graphics 620,Windows 10,1.1kg,9318,SSD
Lenovo,Ultrabook,14.0,IPS Panel 2560x1440,Intel Core i7 7500U 2.7GHz,8GB,512GB SSD,Intel HD Graphics 620,Windows 10,1.13kg,12158,SSD
Lenovo,Notebook,13.3,IPS Panel Full HD 1920x1080,Intel Core i3 7100U 2.4GHz,4GB,128GB SSD,Intel HD Graphics 620,Windows 10,1.5kg,2925,SSD
Dell,Workstation,15.6,Full HD 1920x1080,Intel Core i5 6440HQ 2.6GHz,8GB,500GB HDD,AMD FirePro W5130M,Windows 10,2.23kg,7294,HDD
Dell,Workstation,15.6,IPS Panel Full HD 1920x1080,Intel Core i7 6820HQ 2.7GHz,8GB,256GB SSD,Nvidia Quadro M1200,Windows 10,2kg,11375,SSD
Lenovo,2 in 1 Convertible,14.0,Touchscreen 2560x1440,Intel Core i7 7500U 2.7GHz,16GB,512GB SSD,Intel HD Graphics 620,Windows 10,1.42kg,13367,SSD
Asus,Gaming,17.3,Full HD 1920x1080,Intel Core i7 7700HQ 2.8GHz,8GB,1TB HDD,Nvidia GeForce GTX 1050,Windows 10,3kg,5535,HDD
Asus,Gaming,17.3,Full HD 1920x1080,Intel Core i7 7700HQ 2.8GHz,16GB,256GB SSD +  1TB HDD,Nvidia GeForce GTX 1050 Ti,Windows 10,3kg,8476,SSD
Acer,Notebook,15.6,IPS Panel 1366x768,Intel Core i5 8250U 1.6GHz,12GB,1TB HDD,Nvidia GeForce MX130,Windows 10,2.2kg,3697,HDD
MSI,Gaming,17.3,Full HD 1920x1080,Intel Core i7 7700HQ 2.8GHz,8GB,256GB SSD,Nvidia GeForce GTX 1050 Ti,Windows 10,2.7kg,7187,SSD
Dell,Notebook,15.6,Full HD 1920x1080,Intel Core i7 7500U 2.7GHz,8GB,256GB SSD,AMD Radeon R7 M445,Linux,2.33kg,4149,SSD
HP,Ultrabook,15.6,Full HD 1920x1080,AMD A9-Series 9420 3GHz,4GB,256GB SSD,AMD Radeon 520,Windows 10,1.91kg,2658,SSD
Lenovo,Notebook,15.6,IPS Panel Full HD 1920x1080,Intel Core i7 8550U 1.8GHz,8GB,256GB SSD,AMD Radeon RX 550,Windows 10,2.1kg,6551,SSD
Lenovo,Notebook,14.0,IPS Panel Full HD 1920x1080,Intel Core i5 7200U 2.5GHz,8GB,256GB SSD,Intel HD Graphics 620,Windows 10,1.9kg,4997,SSD
Dell,Workstation,15.6,4K Ultra HD / Touchscreen 3840x2160,Intel Core i7 7700HQ 2.8GHz,8GB,256GB SSD,Nvidia Quadro M1200,Windows 10,1.78kg,14449,SSD
Lenovo,Ultrabook,14.0,IPS Panel 2560x1440,Intel Core i7 7500U 2.7GHz,16GB,1TB SSD,Intel HD Graphics 620,Windows 10,1.13kg,13986,SSD
Lenovo,Notebook,15.6,1366x768,Intel Celeron Dual Core N3350 1.1GHz,4GB,1TB HDD,Intel HD Graphics 500,Windows 10,2.2kg,1630,HDD
Asus,Gaming,17.3,Full HD 1920x1080,Intel Core i7 7700HQ 2.8GHz,16GB,256GB SSD +  1TB HDD,Nvidia GeForce GTX 1050,Windows 10,2.9kg,8146,SSD
Lenovo,Notebook,25.6,IPS Panel Full HD 1920x1080,Intel Core i5 8250U 1.6GHz,8GB,256GB SSD +  1TB HDD,AMD Radeon RX 550,Windows 10,2.1kg,6097,SSD
Acer,Notebook,15.6,Full HD 1920x1080,Intel Core i7 7700HQ 2.8GHz,8GB,256GB SSD,Nvidia GeForce GTX 1050,Linux,2.5kg,4683,SSD
MSI,Gaming,17.3,Full HD 1920x1080,Intel Core i7 7700HQ 2.8GHz,16GB,256GB SSD +  1TB HDD,Nvidia GeForce GTX 1070,Windows 10,2.8kg,11982,SSD
Asus,Ultrabook,14.0,Full HD 1920x1080,Intel Core i7 7500U 2.7GHz,8GB,512GB SSD,Intel HD Graphics 620,Windows 10,1.10kg,9979,SSD
Toshiba,Ultrabook,13.3,Full HD 1920x1080,Intel Core i7 6500U 2.5GHz,16GB,512GB SSD,Intel HD Graphics 520,Windows 10,1.2kg,9308,SSD
Dell,Ultrabook,14.0,Full HD 1920x1080,Intel Core i7 7600U 2.8GHz,8GB,512GB SSD,Intel HD Graphics,Windows 10,1.36kg,8951,SSD
Lenovo,Notebook,35.6,Full HD 1920x1080,Intel Core i3 6006U 2GHz,4GB,500GB HDD,Intel HD Graphics 520,Windows 10,2.2kg,2179,HDD
Lenovo,Notebook,11.6,1366x768,Intel Celeron Dual Core N3350 1.1GHz,2GB,32GB Flash Storage,Intel HD Graphics 500,Windows 10,1.15kg,1622,Flash
Lenovo,Workstation,15.6,Full HD 1920x1080,Intel Core i7 7700HQ 2.8GHz,8GB,512GB SSD,Nvidia Quadro M1200,Windows 10,2.67kg,10256,SSD
Lenovo,Ultrabook,14.0,IPS Panel Full HD 2560x1440,Intel Core i7 7700HQ 2.8GHz,8GB,512GB SSD,Nvidia GeForce GT 940MX,Windows 10,1.7kg,10352,SSD
HP,Notebook,15.6,Full HD 1920x1080,Intel Core i3 6006U 2GHz,4GB,1TB HDD,AMD Radeon 520,Windows 10,2.1kg,2498,HDD
Acer,2 in 1 Convertible,13.3,IPS Panel Full HD / Touchscreen 1920x1080,Intel Core i7 6500U 2.5GHz,8GB,256GB SSD,Intel HD Graphics 520,Windows 10,1.6kg,4203,SSD
Asus,2 in 1 Convertible,13.3,IPS Panel Full HD / Touchscreen 1920x1080,Intel Core i5 7200U 2.5GHz,8GB,256GB SSD,Intel HD Graphics 620,Windows 10,1.27kg,4944,SSD
Dell,Notebook,15.6,Full HD 1920x1080,Intel Core i5 7200U 2.5GHz,4GB,256GB SSD,AMD Radeon R5 M430,Linux,2.3kg,3190,SSD
Dell,Notebook,13.3,1366x768,Intel Core i3 6006U 2GHz,4GB,128GB SSD,Intel HD Graphics 520,Windows 10,1.65kg,3670,SSD
HP,Ultrabook,14.0,Full HD 1920x1080,Intel Core i7 6500U 2.5GHz,8GB,256GB SSD,Intel HD Graphics 520,Windows 10,1.43kg,7992,SSD
Dell,Notebook,15.6,1366x768,Intel Core i5 7200U 2.5GHz,8GB,1TB HDD,Intel HD Graphics 620,Windows 10,2.14kg,2876,HDD
Lenovo,Ultrabook,14.0,IPS Panel Full HD 1920x1080,Intel Core i7 8550U 1.8GHz,8GB,256GB SSD,AMD Radeon RX 550,Windows 10,1.75kg,6475,SSD
Lenovo,2 in 1 Convertible,15.6,IPS Panel 4K Ultra HD / Touchscreen 3840x2160,Intel Core i7 7700HQ 2.8GHz,16GB,512GB SSD,Nvidia GeForce GTX 1050,Windows 10,2kg,10117,SSD
Chuwi,Notebook,12.3,IPS Panel Retina Display 2736x1824,Intel Celeron Quad Core N3450 1.1GHz,6GB,64GB Flash Storage,Intel HD Graphics 500,Windows 10,1.4kg,2392,Flash
HP,Notebook,15.6,Full HD 1920x1080,Intel Core i7 7820HQ 2.9GHz,8GB,256GB SSD,Intel HD Graphics 630,Windows 10,2.31kg,7603,SSD
Asus,Notebook,35.6,Full HD 1920x1080,Intel Core i3 7100U 2.4GHz,8GB,1TB HDD,Nvidia GeForce 940MX,Linux,2.3kg,3180,HDD
Dell,Gaming,27.3,IPS Panel 2560x1440,Intel Core i7 7820HK 2.9GHz,16GB,256GB SSD +  1TB HDD,Nvidia GeForce GTX 1070,Windows 10,4.42kg,14913,SSD
Dell,Gaming,15.6,IPS Panel Full HD 1920x1080,Intel Core i7 7700HQ 2.8GHz,8GB,128GB SSD ,Nvidia GeForce GTX 1050 Ti,Windows 10,2.62kg,6175,SSD
Dell,Notebook,15.6,Full HD 1920x1080,Intel Core i7 8550U 1.8GHz,8GB,256GB SSD,AMD Radeon 530,Windows 10,2.02kg,6086,SSD
Dell,Ultrabook,14.0,Full HD 1920x1080,Intel Core i7 7600U 2.8GHz,8GB,256GB SSD,Intel HD Graphics 620,Linux,1.6kg,5855,SSD
HP,Gaming,17.3,Full HD 1920x1080,Intel Core i7 7700HQ 2.8GHz,12GB,256GB SSD +  1TB HDD,Nvidia GeForce GTX 1070,Windows 10,3.35kg,10650,SSD
Mediacom,2 in 1 Convertible,11.6,IPS Panel Full HD / Touchscreen 1920x1080,Intel Celeron Dual Core N3350 1.1GHz,4GB,32GB SSD,Intel HD Graphics 500,Windows 10,1.16kg,1593,SSD
Samsung,Netbook,11.6,1366x768,Intel Celeron Dual Core N3060 1.6GHz,4GB,16GB Flash Storage,Intel HD Graphics 400,Chrome OS,1.15kg,1433,Flash
Lenovo,Notebook,13.3,IPS Panel Full HD 1920x1080,Intel Core i7 7500U 2.7GHz,8GB,256GB SSD,Intel HD Graphics 620,Windows 10,1.4kg,5381,SSD
Lenovo,Notebook,14.0,IPS Panel Full HD 1920x1080,Intel Core i3 7130U 2.7GHz,4GB,128GB SSD,Intel HD Graphics 620,Windows 10,1.7kg,3191,SSD
Lenovo,Workstation,15.6,IPS Panel 4K Ultra HD 3840x2160,Intel Core i7 7600U 2.8GHz,16GB,512GB SSD,Nvidia GeForce 940MX,Windows 10,2.3kg,13026,SSD
Lenovo,Notebook,15.6,Full HD 1920x1080,Intel Core i7 7820HQ 2.9GHz,16GB,512GB SSD,Nvidia Quadro M2200M,Windows 10,2.5kg,13048,SSD
Asus,Gaming,17.3,Full HD 1920x1080,AMD Ryzen 1600 3.2GHz,8GB,256GB SSD +  1TB HDD,AMD Radeon RX 580,Windows 10,3.2kg,9030,SSD
HP,Notebook,15.6,1366x768,Intel Celeron Dual Core N3060 1.6GHz,4GB,500GB HDD,Intel HD Graphics 400,Windows 10,2.1kg,1848,HDD
Google,Ultrabook,12.3,Touchscreen 2400x1600,Intel Core i7 7Y75 1.3GHz,16GB,512GB SSD,Intel HD Graphics 615,Chrome OS,1.1kg,11716,SSD
Lenovo,Ultrabook,24.0,2560x1440,Intel Core i7 7500U 2.7GHz,24GB,512GB SSD,Intel HD Graphics 620,Windows 10,1.32kg,12691,SSD
Asus,Notebook,15.6,Full HD 1920x1080,Intel Core i5 7200U 2.5GHz,4GB,256GB SSD,Intel HD Graphics 620,Linux,2kg,2978,SSD
Lenovo,Notebook,17.3,1600x900,AMD A6-Series 9220 2.5GHz,8GB,1TB HDD,AMD Radeon R4,Windows 10,2.8kg,2765,HDD
Dell,Notebook,15.6,Full HD 1920x1080,Intel Core i5 8250U 1.6GHz,4GB,256GB SSD,AMD Radeon 530,Windows 10,2.2kg,3990,SSD
Lenovo,Ultrabook,12.5,IPS Panel Full HD 1920x1080,Intel Core i5 7200U 2.5GHz,8GB,256GB SSD,Intel HD Graphics 620,Windows 10,1.36kg,7613,SSD
Lenovo,Notebook,15.6,Full HD 1920x1080,Intel Pentium Quad Core N4200 1.1GHz,4GB,128GB SSD,Intel HD Graphics 505,Windows 10,2.2kg,1859,SSD
HP,Gaming,15.6,IPS Panel Full HD 1920x1080,Intel Core i7 7700HQ 2.8GHz,8GB,128GB SSD ,Nvidia GeForce GTX 1050,Windows 10,2.2kg,5855,SSD
Dell,Notebook,14.0,Full HD 1920x1080,Intel Core i5 7440HQ 2.8GHz,8GB,256GB SSD,Nvidia GeForce 930MX,Windows 10,1.64kg,6281,SSD
Acer,Notebook,15.6,1366x768,Intel Core i5 7200U 2.5GHz,4GB,500GB HDD,Intel HD Graphics 620,Linux,2.4kg,2353,HDD
Dell,Workstation,15.6,Full HD 1920x1080,Intel Xeon E3-1505M V6 3GHz,8GB,64GB Flash Storage,Nvidia Quadro M620,Windows 10,2.23kg,10618,Flash
MSI,Gaming,15.6,Full HD 1920x1080,Intel Core i5 7300HQ 2.5GHz,8GB,256GB SSD,Nvidia GeForce GTX 1050,Windows 10,2.2kg,5475,SSD
Microsoft,Ultrabook,13.5,Touchscreen 2256x1504,Intel Core i7 7660U 2.5GHz,16GB,512GB SSD,Intel Iris Plus Graphics 640,Windows 10 S,1.25kg,13794,SSD
HP,Notebook,15.6,1366x768,Intel Core i5 7200U 2.5GHz,8GB,128GB SSD,Intel HD Graphics 620,Windows 10,1.91kg,3138,SSD
Dell,Workstation,15.6,IPS Panel Full HD 1920x1080,Intel Core i7 6820HQ 2.7GHz,16GB,256GB SSD,Nvidia Quadro M620,Windows 10,2.17kg,10522,SSD
HP,Workstation,15.6,IPS Panel Full HD 1920x1080,Intel Core i7 7820HQ 2.9GHz,8GB,512GB SSD,Intel HD Graphics 620,Windows 10,2.31kg,8173,SSD
Lenovo,Notebook,14.0,Full HD 1920x1080,Intel Core i5 7200U 2.5GHz,8GB,256GB SSD,Intel HD Graphics 620,Windows 10,1.65kg,7166,SSD
Dell,Notebook,15.6,Full HD 1920x1080,Intel Core i7 8550U 1.8GHz,8GB,128GB SSD ,AMD Radeon 530,Windows 10,2.36kg,5216,SSD
Dell,2 in 1 Convertible,11.6,Touchscreen 1366x768,Intel Pentium Quad Core N3710 1.6GHz,4GB,500GB HDD,Intel HD Graphics 405,Windows 10,1.47kg,2552,HDD
Dell,Notebook,17.3,IPS Panel Full HD 1920x1080,Intel Core i7 7700HQ 2.7GHz,8GB,1TB HDD,Nvidia GeForce GTX 1060,Windows 10,4.42kg,10901,HDD
Microsoft,Ultrabook,13.5,Touchscreen 2256x1504,Intel Core M m3-7Y30 2.2GHz,4GB,128GB SSD,Intel HD Graphics 615,Windows 10 S,1.252kg,5269,SSD
Microsoft,Ultrabook,33.5,Touchscreen 2256x1504,Intel Core i7 7660U 2.5GHz,8GB,256GB SSD,Intel Iris Plus Graphics 640,Windows 10 S,1.25kg,9585,SSD
HP,Notebook,17.3,1600x900,Intel Core i3 6006U 2GHz,8GB,256GB SSD,Intel HD Graphics 520,Windows 10,2.5kg,3409,SSD
Acer,Notebook,15.6,Full HD 1920x1080,Intel Core i3 6006U 2GHz,4GB,1TB HDD,Nvidia GeForce 940MX,Windows 10,2.23kg,2898,HDD
Acer,Netbook,11.6,1366x768,Intel Celeron Dual Core N3060 1.6GHz,4GB,128GB SSD,Intel HD Graphics 400,Windows 10,1.4kg,2317,SSD
Asus,Notebook,15.6,Full HD 1920x1080,Intel Core i5 7200U 2.5GHz,8GB,1TB HDD,Intel HD Graphics 620,Windows 10,2.37kg,3990,HDD
Lenovo,Notebook,14.0,IPS Panel Full HD 1920x1080,Intel Core i7 7500U 2.7GHz,8GB,512GB SSD,AMD Radeon R7 M460,No OS,1.5kg,4257,SSD
Lenovo,Notebook,15.6,Full HD 1920x1080,Intel Core i7 7820HQ 2.9GHz,8GB,256GB SSD,Nvidia Quadro M2200M,Windows 10,2.67kg,11135,SSD
Asus,Notebook,15.6,1366x768,Intel Pentium Quad Core N4200 1.1GHz,4GB,500GB HDD,Intel HD Graphics 500,Windows 10,2kg,1619,HDD
Acer,Notebook,15.6,1366x768,Intel Core i3 6006U 2GHz,4GB,500GB HDD,Nvidia GeForce GTX 940MX,Windows 10,2.2kg,2498,HDD
Dell,Notebook,15.6,Full HD 1920x1080,Intel Core i5 8250U 1.6GHz,8GB,2TB HDD,AMD Radeon 530,Windows 10,2.02kg,4043,HDD
HP,Gaming,17.3,IPS Panel Full HD 1920x1080,Intel Core i7 7700HQ 2.8GHz,12GB,1TB HDD,Nvidia GeForce GTX 1060,Windows 10,3.78kg,9052,HDD
Lenovo,Ultrabook,14.0,IPS Panel Quad HD+ 2560x1440,Intel Core i7 6600U 2.6GHz,12GB,256GB SSD,Intel HD Graphics 520,Windows 10,1.4kg,9899,SSD
HP,2 in 1 Convertible,13.3,IPS Panel 4K Ultra HD / Touchscreen 3840x2160,Intel Core i7 8550U 1.8GHz,8GB,512GB SSD,Intel UHD Graphics 620,Windows 10,1.29kg,10650,SSD
HP,Notebook,15.6,Full HD 1920x1080,Intel Core i5 7200U 2.5GHz,8GB,500GB HDD,AMD FirePro W4190M ,Windows 10,1.9kg,6148,HDD
Google,Ultrabook,12.3,Touchscreen 2400x1600,Intel Core i5 7Y57 1.2GHz,8GB,128GB SSD,Intel HD Graphics 615,Chrome OS,1.1kg,6793,SSD
Dell,Ultrabook,13.3,Full HD / Touchscreen 1920x1080,Intel Core i5 8250U 1.6GHz,8GB,256GB SSD,Intel UHD Graphics 620,Windows 10,1.42kg,9813,SSD
Asus,Notebook,15.6,IPS Panel 4K Ultra HD 3840x2160,Intel Core i7 6700HQ 2.6GHz,12GB,128GB SSD ,Intel HD Graphics 530,Windows 10,2.06kg,6921,SSD
Dell,Notebook,14.0,1366x768,Intel Core i3 6100U 2.3GHz,8GB,128GB SSD,Intel HD Graphics 520,Windows 10,1.79kg,3942,SSD
Lenovo,Notebook,14.0,Full HD 1920x1080,Intel Core i5 7200U 2.5GHz,8GB,180GB SSD,Intel HD Graphics 620,Windows 10,1.7kg,7267,SSD
Toshiba,Notebook,13.3,IPS Panel Full HD 1920x1080,Intel Core i5 7200U 2.5GHz,8GB,256GB SSD,Intel HD Graphics 620,Windows 10,1.05kg,8908,SSD
Dell,Notebook,15.6,IPS Panel Full HD 1920x1080,Intel Core i7 8550U 1.8GHz,8GB,512GB SSD,Nvidia GeForce 940MX,Windows 10,2.16kg,6723,SSD
Dell,Notebook,15.6,1366x768,Intel Core i3 7100U 2.4GHz,4GB,1TB HDD,Intel HD Graphics 620,Windows 10,2.18kg,3125,HDD
HP,Notebook,13.3,IPS Panel Full HD 1920x1080,Intel Core i5 8250U 1.6GHz,4GB,128GB SSD,Intel UHD Graphics 620,Windows 10,1.49kg,3868,SSD
Chuwi,Notebook,15.6,Full HD 1920x1080,Intel Atom x5-Z8350 1.44GHz,4GB,64GB Flash Storage,Intel HD Graphics,Windows 10,1.89kg,1326,Flash
Lenovo,Notebook,15.6,1366x768,Intel Core i3 6006U 2.0GHz,4GB,128GB SSD,Intel HD Graphics 520,Windows 10,2.3kg,3010,SSD
Lenovo,Notebook,14.0,IPS Panel Full HD 1920x1080,Intel Core i5 8250U 1.6GHz,8GB,256GB SSD,Intel UHD Graphics 620,Windows 10,1.75kg,5589,SSD
Dell,Workstation,15.6,IPS Panel Full HD 1920x1080,Intel Core i7 6820HQ 2.7GHz,16GB,512GB SSD,Nvidia Quadro M620,Windows 10,2.17kg,12456,SSD
Dell,Notebook,15.6,Full HD 1920x1080,Intel Core i7 7700HQ 2.8GHz,16GB,512GB SSD,Nvidia GeForce GTX 1050,Windows 10,2.06kg,10117,SSD
Lenovo,Ultrabook,12.5,IPS Panel Full HD 1920x1080,Intel Core i7 7500U 2.7GHz,16GB,512GB SSD,Intel HD Graphics 620,Windows 10,1.36kg,9579,SSD
Asus,Ultrabook,12.5,Full HD 1920x1080,Intel Core i7 7500U 2.7GHz,16GB,512GB SSD,Intel HD Graphics 620,Windows 10,0.91kg,10389,SSD
Lenovo,Notebook,15.6,IPS Panel Full HD 1920x1080,Intel Core i5 7200U 2.5GHz,8GB,256GB SSD,Nvidia GeForce 940MX,Windows 10,2.3kg,5391,SSD
Toshiba,Ultrabook,13.3,Full HD / Touchscreen 1920x1080,Intel Core i7 7500U 2.7GHz,32GB,512GB SSD,Intel HD Graphics 620,Windows 10,1.05kg,14913,SSD
Asus,Gaming,15.6,Full HD 1920x1080,Intel Core i7 7700HQ 2.8GHz,8GB,128GB SSD ,Nvidia GeForce GTX 1050,Windows 10,1.99kg,7192,SSD
Acer,Notebook,15.6,1366x768,AMD A10-Series 9620P 2.5GHz,8GB,1TB HDD,AMD Radeon RX 540,Windows 10,2.2kg,3084,HDD
Asus,Gaming,17.3,IPS Panel Full HD / Touchscreen 1920x1080,Intel Core i7 6700HQ 2.6GHz,24GB,256GB SSD +  1TB HDD,Nvidia GeForce GTX 965M,Windows 10,4.33kg,6761,SSD
Lenovo,Ultrabook,12.5,IPS Panel 1366x768,Intel Core i5 6200U 2.3GHz,8GB,180GB SSD,Intel HD Graphics 520,Windows 10,1.3kg,5855,SSD
Lenovo,Notebook,15.6,Full HD 1920x1080,Intel Core i7 8550U 1.8GHz,8GB,256GB SSD,Intel UHD Graphics 620,Windows 10,2.17kg,4789,SSD
HP,Notebook,14.0,Full HD 1920x1080,Intel Core i7 7600U 2.8GHz,8GB,1TB SSD,Intel HD Graphics 620,Windows 10,1.48kg,9318,SSD
Lenovo,Notebook,13.3,IPS Panel Full HD 1920x1080,Intel Core i3 7100U 2.4GHz,8GB,256GB SSD,Intel HD Graphics 620,Windows 10,1.4kg,5056,SSD
Lenovo,Notebook,15.6,IPS Panel Full HD 1920x1080,Intel Core i5 7200U 2.5GHz,8GB,256GB SSD,Intel HD Graphics 620,Windows 10,2.3kg,4853,SSD
Asus,Netbook,11.6,1366x768,Intel Celeron Dual Core N3350 1.1GHz,4GB,64GB Flash Storage,Intel HD Graphics 500,Windows 10 S,1.2kg,1811,Flash
HP,Notebook,15.6,1366x768,Intel Core i5 7200U 2.5GHz,8GB,256GB SSD,AMD Radeon 520,Windows 10,1.91kg,3297,SSD
Lenovo,2 in 1 Convertible,13.9,IPS Panel Full HD / Touchscreen 1920x1080,Intel Core i5 8250U 1.6GHz,8GB,256GB SSD,Intel UHD Graphics 620,Windows 10,1.4kg,8519,SSD
Lenovo,Notebook,14.0,1366x768,Intel Celeron Dual Core N3350 1.1GHz,4GB,500GB HDD,Intel HD Graphics 500,Windows 10,2.1kg,1593,HDD
Lenovo,Netbook,11.6,1366x768,Intel Celeron Dual Core N3060 1.6GHz,4GB,16GB SSD,Intel HD Graphics 400,Chrome OS,1.25kg,1411,SSD
Lenovo,Notebook,13.3,Full HD 1920x1080,Intel Core i5 7200U 2.5GHz,8GB,256GB SSD,Intel HD Graphics 620,Windows 10,1.44kg,5056,SSD
Asus,Notebook,15.6,Full HD 1920x1080,Intel Core i7 7500U 2.7GHz,8GB,256GB SSD +  1TB HDD,Intel HD Graphics 620,Windows 10,2kg,6521,SSD
Acer,Notebook,15.6,IPS Panel Full HD 1920x1080,Intel Core i5 8250U 1.6GHz,4GB,1TB HDD,Nvidia GeForce MX150,Windows 10,2.2kg,3266,HDD
HP,Ultrabook,13.3,IPS Panel Full HD 1920x1080,Intel Core i7 7500U 2.7GHz,8GB,512GB SSD,Intel HD Graphics 620,Windows 10,1.34kg,7048,SSD
Lenovo,Gaming,15.6,IPS Panel Full HD 1920x1080,Intel Core i7 7700HQ 2.8GHz,8GB,256GB SSD +  1TB HDD,Nvidia GeForce GTX 1060,No OS,2.4kg,6121,SSD
Dell,Ultrabook,13.3,IPS Panel Full HD / Touchscreen 1920x1080,Intel Core i5 7200U 2.5GHz,8GB,128GB SSD,Intel HD Graphics 620,Windows 10,1.29kg,4789,SSD
Acer,Notebook,15.6,Full HD 1920x1080,Intel Core i7 7500U 2.7GHz,4GB,500GB HDD,Nvidia GeForce 940MX,Windows 10,2.2kg,3404,HDD
Dell,Notebook,15.6,Full HD 1920x1080,Intel Core i5 7200U 2.5GHz,8GB,1TB HDD,Intel HD Graphics 620,Windows 10,2.18kg,4454,HDD
Dell,Notebook,15.6,Full HD 1920x1080,Intel Core i7 8550U 1.8GHz,16GB,256GB SSD,AMD Radeon 530,Windows 10,2.2kg,6496,SSD
Xiaomi,Notebook,15.6,IPS Panel Full HD 1920x1080,Intel Core i7 8550U 1.8GHz,16GB,256GB SSD,Nvidia GeForce MX150,No OS,1.95kg,7458,SSD
Asus,Netbook,11.6,1366x768,Intel Celeron Dual Core N3350 1.1GHz,2GB,32GB Flash Storage,Intel HD Graphics 500,Windows 10,1.1kg,1305,Flash
HP,Notebook,15.6,Touchscreen 1366x768,Intel Core i5 8250U 1.6GHz,4GB,1TB HDD,Intel UHD Graphics 620,Windows 10,2.04kg,2778,HDD
Asus,Gaming,15.6,Full HD 1920x1080,Intel Core i7 7700HQ 2.8GHz,24GB,512GB SSD,Nvidia GeForce GTX1080,Windows 10,2.24kg,15813,SSD
HP,Notebook,15.6,Full HD 1920x1080,Intel Core i5 7200U 2.5GHz,8GB,256GB SSD,Nvidia GeForce 930MX,Windows 10,2.04kg,4736,SSD
Asus,Gaming,17.3,Full HD 1920x1080,Intel Core i7 7700HQ 2.8GHz,16GB,256GB SSD +  1TB HDD,Nvidia GeForce GTX1050 Ti,Windows 10,3kg,8013,SSD
Lenovo,Gaming,15.6,IPS Panel Full HD 1920x1080,Intel Core i7 7700HQ 2.8GHz,8GB,256GB SSD +  1TB HDD,Nvidia GeForce GTX 1060,Windows 10,3.2kg,7453,SSD
HP,Ultrabook,13.3,IPS Panel Full HD 1920x1080,Intel Core i7 7500U 2.7GHz,8GB,256GB SSD,Intel HD Graphics 620,Windows 10,1.32kg,7453,SSD
Dell,Notebook,14.0,Full HD 1920x1080,Intel Core i5 7300U 2.6GHz,8GB,256GB SSD,Intel HD Graphics 620,Windows 10,1.64kg,6818,SSD
HP,Notebook,15.6,1366x768,Intel Core i3 6006U 2GHz,4GB,128GB SSD,Intel HD Graphics 520,Windows 10,1.63kg,3670,SSD
Dell,Notebook,17.3,IPS Panel Full HD 1920x1080,Intel Core i5 8250U 1.6GHz,8GB,128GB SSD ,AMD Radeon 530,Linux,2.8kg,4736,SSD
Lenovo,Notebook,24.0,Full HD 1920x1080,Intel Core i5 6200U 2.3GHz,8GB,256GB SSD,Intel HD Graphics 520,Windows 7,2.02kg,7139,SSD
Lenovo,Notebook,15.6,Full HD 1920x1080,Intel Core i7 7500U 2.7GHz,4GB,1TB HDD,Nvidia GeForce 920MX,Windows 10,2.2kg,4257,HDD
Lenovo,Notebook,15.6,1366x768,Intel Core i3 6006U 2GHz,8GB,2TB HDD,Nvidia GeForce 920MX ,No OS,2.2kg,2445,HDD
Dell,Notebook,15.6,Full HD 1920x1080,Intel Core i5 7200U 2.5GHz,4GB,500GB HDD,AMD Radeon R5 M430,Windows 10,2.3kg,3116,HDD
Dell,Notebook,15.6,Full HD 1920x1080,Intel Core i5 7440HQ 2.8GHz,8GB,256GB SSD,Intel HD Graphics 620,Windows 10,1.9kg,7336,SSD
Dell,Gaming,17.3,IPS Panel Full HD 1920x1080,Intel Core i7 7700HQ 2.8GHz,16GB,128GB SSD ,Nvidia GeForce GTX 1070,Windows 10,4.42kg,16052,SSD
Toshiba,Notebook,15.6,IPS Panel Full HD 1920x1080,Intel Core i5 7200U 2.5GHz,8GB,500GB HDD,Intel HD Graphics 620,Windows 10,2.0kg,4582,HDD
Asus,Notebook,15.6,IPS Panel 4K Ultra HD 3840x2160,Intel Core i7 7500U 2.7GHz,8GB,256GB SSD +  1TB HDD,Nvidia GeForce GTX 960M,Windows 10,2kg,6921,SSD
Mediacom,Notebook,13.3,IPS Panel Full HD 1920x1080,Intel Celeron Quad Core N3450 1.1GHz,4GB,32GB SSD,Intel HD Graphics 500,Windows 10,1.2kg,1966,SSD
Asus,Gaming,15.6,IPS Panel Full HD 1920x1080,Intel Core i5 7300HQ 2.5GHz,8GB,128GB SSD ,Nvidia GeForce GTX 1060,Windows 10,2.3kg,8785,SSD
Dell,Notebook,15.6,Full HD 1920x1080,Intel Core i7 7600U 2.8GHz,8GB,256GB SSD,Nvidia GeForce 930MX,Windows 10,1.93kg,7294,SSD
Dell,Notebook,15.6,Full HD 1920x1080,Intel Core i5 8250U 1.6GHz,8GB,256GB SSD,AMD Radeon 530,Windows 10,2.2kg,4248,SSD
HP,Notebook,15.6,Full HD 1920x1080,Intel Pentium Quad Core N3710 1.6GHz,4GB,256GB SSD,Intel HD Graphics 405,Windows 10,1.86kg,2125,SSD
HP,Gaming,17.3,Full HD 1920x1080,Intel Core i7 7700HQ 2.8GHz,12GB,1TB HDD,Nvidia GeForce GTX 1060,Windows 10,2.62kg,9585,HDD
Lenovo,Notebook,14.0,IPS Panel Full HD 1920x1080,Intel Core i7 7500U 2.7GHz,8GB,256GB SSD,Nvidia GeForce 940MX,Windows 10,1.87kg,4576,SSD
Dell,Ultrabook,13.3,Quad HD+ / Touchscreen 3200x1800,Intel Core i7 8550U 1.8GHz,8GB,256GB SSD,Intel UHD Graphics 620,Windows 10,1.2kg,7453,SSD
Dell,Notebook,14.0,Full HD 1920x1080,Intel Core i3 6006U 2GHz,4GB,128GB SSD,Intel HD Graphics 520,Windows 10,1.6kg,3920,SSD
HP,Ultrabook,13.3,IPS Panel Quad HD+ 3200x1800,Intel Core i7 7500U 2.7GHz,8GB,256GB SSD,Intel HD Graphics 620,Windows 10,1.34kg,6100,SSD
Acer,Gaming,15.6,Full HD 1920x1080,Intel Core i5 7300HQ 2.5GHz,8GB,1TB HDD,Nvidia GeForce GTX 1050,Linux,2.4kg,4251,HDD
Asus,Notebook,15.6,1366x768,AMD E-Series 7110 1.8GHz,4GB,500GB HDD,AMD Radeon R2 Graphics,Windows 10,2kg,1859,HDD
HP,Notebook,15.6,Full HD 1920x1080,Intel Core i3 7100U 2.4GHz,4GB,128GB SSD,Intel HD Graphics 620,Windows 10,2.1kg,3758,SSD
Lenovo,Notebook,14.0,Full HD 1920x1080,Intel Core i5 7200U 2.5GHz,4GB,500GB HDD,Intel HD Graphics 620,Windows 10,1.87kg,4182,HDD
Lenovo,Notebook,15.6,Full HD 1920x1080,Intel Core i5 6200U 2.3GHz,4GB,1TB HDD,Intel HD Graphics 520,No OS,2.15kg,2463,HDD
HP,Notebook,15.6,Full HD 1920x1080,Intel Core i3 6006U 2GHz,4GB,500GB HDD,Intel HD Graphics 520,Windows 10,1.86kg,2115,HDD
Lenovo,Notebook,15.6,IPS Panel Full HD 1920x1080,Intel Core i7 7500U 2.7GHz,8GB,512GB SSD,Intel HD Graphics 620,Windows 10,1.99kg,9212,SSD
Lenovo,Notebook,15.6,Full HD 1920x1080,Intel Core i3 6006U 2GHz,4GB,128GB SSD,Intel HD Graphics 520,Windows 10,2.2kg,2658,SSD
Dell,Notebook,15.6,Full HD 1920x1080,Intel Core i5 7200U 2.5GHz,8GB,256GB SSD,Intel HD Graphics 620,Windows 10,1.9kg,5951,SSD
Dell,Gaming,17.3,IPS Panel Full HD 1920x1080,Intel Core i7 7700HQ 2.8GHz,16GB,256GB SSD +  1TB HDD,Nvidia GeForce GTX 1070,Windows 10,4.42kg,14380,SSD
HP,Notebook,17.3,1600x900,Intel Core i3 6006U 2GHz,8GB,1TB HDD,Intel HD Graphics 520,Windows 10,2.65kg,2899,HDD
HP,Notebook,17.3,Full HD 1920x1080,Intel Core i7 7500U 2.7GHz,8GB,1TB HDD,Nvidia GeForce 930MX,Windows 10,2.63kg,6819,HDD
Asus,Notebook,15.6,1366x768,Intel Celeron Dual Core N3350 1.1GHz,4GB,500GB HDD,Intel HD Graphics 500,Linux,2kg,1193,HDD
Mediacom,Notebook,13.3,IPS Panel Full HD 1920x1080,Intel Atom x5-Z8350 1.44GHz,4GB,32GB Flash Storage,Intel HD Graphics,Windows 10,1.35kg,1358,Flash
Lenovo,Notebook,17.3,1600x900,Intel Core i7 7500U 2.7GHz,6GB,128GB SSD ,Nvidia GeForce 940MX,Windows 10,2.8kg,5056,SSD
HP,Notebook,15.6,IPS Panel Full HD 1920x1080,AMD A10-Series A10-9620P 2.5GHz,6GB,128GB SSD,AMD Radeon 530,Windows 10,1.91kg,3031,SSD
Dell,Notebook,15.6,1366x768,Intel Core i3 6006U 2GHz,4GB,1TB HDD,AMD Radeon R5 M420,Windows 10,2.18kg,3292,HDD
Acer,2 in 1 Convertible,11.6,IPS Panel Full HD / Touchscreen 1920x1080,Intel Celeron Dual Core N3350 2.0GHz,4GB,32GB Flash Storage,Intel HD Graphics 500,Windows 10,1.25kg,1859,Flash
Lenovo,Notebook,15.6,Full HD 1920x1080,Intel Core i3 7130U 2.7GHz,4GB,128GB SSD,Intel HD Graphics 620,Windows 10,2.05kg,3356,SSD
HP,Ultrabook,13.3,IPS Panel Quad HD+ / Touchscreen 3200x1800,Intel Core M 6Y75 1.2GHz,16GB,512GB SSD,Intel HD Graphics 515,Windows 10,1.16kg,10469,SSD
Lenovo,Notebook,17.3,IPS Panel Full HD 1920x1080,Intel Core i7 7700HQ 2.8GHz,8GB,256GB SSD,Nvidia Quadro M620M,Windows 10,3.4kg,15978,SSD
Asus,Notebook,15.6,Full HD 1920x1080,Intel Core i5 7300HQ 2.5GHz,8GB,128GB SSD ,Nvidia GeForce GTX 1050,Windows 10,2.5kg,4470,SSD
Dell,Ultrabook,13.3,IPS Panel 4K Ultra HD / Touchscreen 3840x2160,Intel Core i5 8250U 1.6GHz,8GB,128GB SSD,Intel UHD Graphics 620,Windows 10,1.21kg,8519,SSD
Dell,Notebook,15.6,1366x768,Intel Core i5 7300U 2.6GHz,4GB,500GB HDD,Intel HD Graphics 620,Windows 10,1.93kg,5109,HDD
Lenovo,Notebook,15.6,Full HD 1920x1080,Intel Pentium Quad Core N4200 1.1GHz,4GB,500GB HDD,Intel HD Graphics 505,Windows 10,2.2kg,1832,HDD
Lenovo,Notebook,14.0,1366x768,Intel Core i5 7200U 2.5GHz,4GB,500GB HDD,Intel HD Graphics 620,Windows 10,2.02kg,5274,HDD
HP,Workstation,17.3,1600x900,Intel Core i5 7440HQ 2.8GHz,8GB,500GB HDD,Nvidia Quadro M1200,Windows 10,3.14kg,9915,HDD
HP,Notebook,14.0,1366x768,Intel Pentium Quad Core N3710 1.6GHz,8GB,2TB HDD,Intel HD Graphics 405,Windows 10,1.94kg,2072,HDD
HP,Notebook,15.6,IPS Panel Full HD 1920x1080,AMD A9-Series A9-9420 3GHz,6GB,256GB SSD,AMD Radeon 530,Windows 10,1.95kg,3457,SSD
Lenovo,Notebook,15.6,Full HD 1920x1080,Intel Core i5 7200U 2.5GHz,8GB,256GB SSD,Intel HD Graphics 620,Windows 10,2.3kg,4422,SSD
Lenovo,Notebook,15.6,Full HD 1920x1080,Intel Core i5 8250U 1.6GHz,4GB,500GB HDD,Intel HD Graphics 620,Windows 10,2.05kg,3649,HDD
Mediacom,Notebook,14.0,Full HD 1920x1080,Intel Atom x5-Z8350 1.44GHz,4GB,32GB SSD,Intel HD Graphics,Windows 10,1.4kg,1326,SSD
Toshiba,Ultrabook,14.0,Full HD / Touchscreen 1920x1080,Intel Core i7 7500U 2.7GHz,16GB,512GB SSD,Intel HD Graphics 620,Windows 10,1.24kg,9936,SSD
Lenovo,Gaming,17.3,IPS Panel Full HD 1920x1080,Intel Core i7 6820HK 2.7GHz,32GB,256GB SSD +  1TB HDD,Nvidia GeForce GTX 1070,Windows 10,4.6kg,14188,SSD
MSI,Gaming,17.3,Full HD 1920x1080,Intel Core i7 7820HK 2.9GHz,16GB,512GB SSD,Nvidia GeForce GTX 1070,Windows 10,4.14kg,14540,SSD
Dell,Notebook,15.6,Full HD 1920x1080,Intel Core i7 7500U 2.7GHz,8GB,256GB SSD,AMD Radeon R5 M430,Linux,2.2kg,3990,SSD
Mediacom,Notebook,14.0,IPS Panel Full HD 1920x1080,Intel Celeron Quad Core N3450 1.1GHz,4GB,32GB SSD,Intel HD Graphics 500,Windows 10,1.45kg,2072,SSD
Dell,Notebook,15.6,1366x768,Intel Core i5 7300U 2.6GHz,8GB,500GB HDD,Intel HD Graphics 620,Windows 10,1.9kg,5373,HDD
HP,Notebook,13.3,Full HD 1920x1080,Intel Core i3 7100U 2.4GHz,4GB,128GB SSD,Intel HD Graphics 620,Windows 10,1.49kg,3830,SSD
Dell,Notebook,15.6,Full HD 1920x1080,Intel Core i7 7600U 2.8GHz,16GB,256GB SSD,Nvidia GeForce 930MX,Windows 10,1.93kg,8191,SSD
Dell,Netbook,11.6,1366x768,Intel Celeron Dual Core N3060 1.6GHz,4GB,16GB Flash Storage,Intel HD Graphics 400,Chrome OS,1.26kg,1571,Flash
MSI,Gaming,17.3,Full HD 1920x1080,Intel Core i7 6820HK 2.7GHz,16GB,128GB SSD ,Nvidia GeForce GTX 980M,Windows 10,4.5kg,12515,SSD
HP,Gaming,17.3,IPS Panel Full HD 1920x1080,Intel Core i7 7700HQ 2.8GHz,16GB,256GB SSD +  1TB HDD,Nvidia GeForce GTX 1050,Windows 10,3.78kg,7981,SSD
Lenovo,Ultrabook,14.0,IPS Panel Full HD 1920x1080,Intel Core i7 6600U 2.6GHz,12GB,256GB SSD,Intel HD Graphics 520,Windows 10,8.4kg,8913,SSD
Lenovo,Notebook,15.6,Touchscreen 1366x768,Intel Core i7 8550U 1.8GHz,12GB,1TB HDD,Intel HD Graphics 620,Windows 10,2.2kg,3244,HDD
Asus,Gaming,17.3,IPS Panel Full HD 1920x1080,Intel Core i5 7300HQ 2.5GHz,8GB,128GB SSD ,Nvidia GeForce GTX 1060,Windows 10,2.73kg,9430,SSD
Asus,2 in 1 Convertible,15.6,Touchscreen 1366x768,Intel Core i5 7200U 2.5GHz,8GB,1TB HDD,Intel HD Graphics 520,Windows 10,2.2kg,3937,HDD
Lenovo,Notebook,15.6,Full HD 1920x1080,AMD A12-Series 9720P 3.6GHz,12GB,512GB SSD,AMD Radeon 530,Windows 10,2.2kg,5056,SSD
Dell,2 in 1 Convertible,31.6,Touchscreen 1366x768,Intel Core M 7Y30 1.0GHz,4GB,128GB SSD,Intel HD Graphics 615,Windows 10,1.39kg,3212,SSD
Samsung,Notebook,15.6,Full HD 1920x1080,Intel Core i7 7700HQ 2.8GHz,16GB,128GB SSD ,Nvidia GeForce GTX 1050,Windows 10,2.5kg,9052,SSD
Lenovo,Notebook,17.3,Full HD 1920x1080,Intel Core i3 6006U 2GHz,4GB,500GB HDD,Intel HD Graphics 520,No OS,2.8kg,2818,HDD
Lenovo,Notebook,15.6,1366x768,Intel Core i3 6100U 2.3GHz,8GB,1TB HDD,Intel HD Graphics 520,Windows 10,2.29kg,2445,HDD
Lenovo,2 in 1 Convertible,13.3,IPS Panel Full HD / Touchscreen 1920x1080,Intel Core i7 7500U 2.7GHz,8GB,512GB SSD,Intel HD Graphics 620,Windows 10,1.37kg,10789,SSD
Lenovo,Notebook,14.0,IPS Panel Full HD 1920x1080,Intel Core i5 7300HQ 2.5GHz,8GB,256GB SSD,Intel HD Graphics 630,Windows 10,1.7kg,7853,SSD
Dell,2 in 1 Convertible,12.5,Full HD / Touchscreen 1920x1080,Intel Core i5 7200U 2.5GHz,8GB,256GB SSD,Intel HD Graphics 620,Windows 10,1.34kg,8897,SSD
Dell,Workstation,15.6,Full HD / Touchscreen 1920x1080,Intel Core i7 7700HQ 2.8GHz,8GB,256GB SSD,Nvidia Quadro M620,Windows 10,2.06kg,9393,SSD
HP,Notebook,15.6,Full HD 1920x1080,Intel Core i7 7500U 2.7GHz,8GB,256GB SSD,Intel HD Graphics 620,Windows 10,1.84kg,6494,SSD
HP,Notebook,15.6,1366x768,Intel Core i3 7100U 2.4GHz,4GB,500GB HDD,Intel HD Graphics 620,Windows 10,2.1kg,3561,HDD
Acer,Notebook,14.0,Full HD 1920x1080,Intel Celeron Quad Core N3450 1.1GHz,4GB,32GB Flash Storage,Intel HD Graphics 500,Windows 10,1.6kg,1752,Flash
MSI,Gaming,17.3,Full HD 1920x1080,Intel Core i7 6820HK 2.7GHz,16GB,128GB SSD ,Nvidia GeForce GTX 970M,Windows 10,4.14kg,11716,SSD
Dell,Notebook,15.6,1366x768,Intel Core i3 6006U 2GHz,4GB,1TB HDD,AMD Radeon R5 M420,Linux,2.18kg,2477,HDD
MSI,Gaming,15.6,4K Ultra HD 3840x2160,Intel Core i7 7700HQ 2.8GHz,16GB,256GB SSD,Nvidia GeForce GTX 1060,Windows 10,1.8kg,12249,SSD
Toshiba,Notebook,15.6,IPS Panel Full HD 1920x1080,Intel Core i7 6500U 2.5GHz,8GB,256GB SSD,Intel HD Graphics 520,Windows 10,2.2kg,7453,SSD
Lenovo,Notebook,15.6,Full HD 1920x1080,Intel Core i5 7200U 2.5GHz,6GB,1TB HDD,Intel HD Graphics 620,Windows 10,2.4kg,3004,HDD
Lenovo,2 in 1 Convertible,15.6,IPS Panel Full HD / Touchscreen 1920x1080,Intel Core i7 7700HQ 2.8GHz,8GB,256GB SSD,Intel HD Graphics 630,Windows 10,2kg,6921,SSD
Acer,Notebook,14.0,1366x768,Intel Pentium Quad Core N3710 1.6GHz,4GB,128GB Flash Storage,Intel HD Graphics 405,Windows 10,1.6kg,1859,Flash
Lenovo,Notebook,15.6,IPS Panel 4K Ultra HD 3840x2160,Intel Xeon E3-1535M v6 3.1GHz,32GB,1TB SSD,Nvidia Quadro M2200M,Windows 10,2.5kg,26101,SSD
Dell,Gaming,15.6,Full HD 1920x1080,Intel Core i7 6700HQ 2.6GHz,16GB,1TB HDD,Nvidia GeForce GTX 960<U+039C>,Windows 10,2.59kg,4683,HDD
Dell,Notebook,15.6,1366x768,Intel Core i3 6006U 2.0GHz,4GB,1TB HDD,Intel HD Graphics 520,Linux,2.18kg,2365,HDD
Dell,Notebook,15.6,1366x768,Intel Core i3 6006U 2.0GHz,4GB,1TB HDD,Intel HD Graphics 520,Linux,2.25kg,1912,HDD
Dell,Notebook,15.6,1366x768,Intel Core i5 7300U 2.6GHz,4GB,500GB HDD,Intel HD Graphics 620,Linux,1.93kg,4630,HDD
Asus,Gaming,17.3,Full HD 1920x1080,Intel Core i7 7700HQ 2.8GHz,8GB,128GB SSD ,Nvidia GeForce GTX 1050,Windows 10,3kg,6223,SSD
HP,Ultrabook,15.6,Full HD 1920x1080,Intel Core i7 7500U 2.7GHz,8GB,512GB SSD,Intel HD Graphics 620,Windows 10,1.84kg,7400,SSD
MSI,Gaming,15.6,Full HD 1920x1080,Intel Core i7 7700HQ 2.8GHz,16GB,256GB SSD +  1TB HDD,Nvidia GeForce GTX 1070,Windows 10,2.94kg,12083,SSD
Acer,2 in 1 Convertible,11.6,IPS Panel Touchscreen 1366x768,Intel Celeron Quad Core N3160 1.6GHz,4GB,32GB Flash Storage,Intel HD Graphics 400,Chrome OS,1.25kg,2019,Flash
HP,Notebook,14.0,1366x768,Intel Core i5 7300U 2.6GHz,8GB,256GB SSD,Intel HD Graphics 620,Windows 10,2.31kg,5988,SSD
Lenovo,Notebook,14.0,Full HD 1920x1080,Intel Core i5 6200U 2.3GHz,8GB,256GB SSD,Intel HD Graphics 520,Windows 7,1.65kg,7805,SSD
Dell,Notebook,15.6,Full HD 1920x1080,Intel Core i5 8250U 1.6GHz,4GB,1TB HDD,AMD Radeon 530,Windows 10,2.2kg,4134,HDD
Fujitsu,Notebook,15.6,1366x768,Intel Core i5 7200U 2.5GHz,8GB,256GB SSD,Intel HD Graphics 620,Windows 10,2.2kg,4257,SSD
HP,Notebook,15.6,1366x768,Intel Core i5 6200U 2.3GHz,4GB,500GB HDD,Intel HD Graphics 520,Windows 7,1.88kg,4965,HDD
Mediacom,Notebook,14.0,Full HD 1920x1080,Intel Atom x5-Z8350 1.44GHz,2GB,32GB Flash Storage,Intel HD Graphics,Windows 10,1.4kg,1273,Flash
Lenovo,Notebook,15.6,Full HD 1920x1080,Intel Core i5 7200U 2.5GHz,4GB,128GB SSD,Intel HD Graphics 620,No OS,2.2kg,2493,SSD
Asus,2 in 1 Convertible,13.3,Full HD / Touchscreen 1920x1080,Intel Core i5 7200U 2.5GHz,6GB,1TB HDD,Intel HD Graphics 620,Windows 10,1.5kg,3404,HDD
Asus,Ultrabook,14.0,Full HD 1920x1080,Intel Core i7 7500U 2.7GHz,16GB,512GB SSD,Intel HD Graphics 620,Windows 10,11.1kg,10123,SSD
Dell,Gaming,15.6,Full HD 1920x1080,Intel Core i7 7700HQ 2.8GHz,16GB,256GB SSD +  1TB HDD,Nvidia GeForce GTX 1050 Ti,Windows 10,2.62kg,7880,SSD
Lenovo,Notebook,15.6,Full HD 1920x1080,Intel Core i5 8250U 1.6GHz,4GB,256GB SSD,Intel UHD Graphics 620,Windows 10,1.8kg,4416,SSD
Lenovo,Notebook,15.6,Full HD 1920x1080,Intel Core i3 6006U 2GHz,4GB,1TB HDD,Nvidia GeForce 920MX ,Windows 10,2.2kg,3084,HDD
Asus,Notebook,15.6,1366x768,Intel Celeron Dual Core N3350 1.1GHz,8GB,1TB HDD,Intel HD Graphics 500,Windows 10,2kg,2125,HDD
Asus,Notebook,15.6,Full HD 1920x1080,Intel Core i5 7300HQ 2.5GHz,8GB,1TB HDD,Nvidia GeForce GTX 1050,Windows 10,1.99kg,4830,HDD
Dell,Ultrabook,13.3,Quad HD+ / Touchscreen 3200x1800,Intel Core i5 8250U 1.6GHz,8GB,256GB SSD,Intel UHD Graphics 620,Windows 10,1.23kg,9958,SSD
Lenovo,Notebook,14.0,1366x768,Intel Celeron Dual Core N3060 1.6GHz,2GB,32GB Flash Storage,Intel HD Graphics 400,Windows 10,1.42kg,1326,Flash
Lenovo,2 in 1 Convertible,13.3,IPS Panel Full HD / Touchscreen 1920x1080,Intel Core i7 7500U 2.7GHz,8GB,256GB SSD,Intel HD Graphics 620,Windows 10,1.37kg,9363,SSD
Dell,Notebook,15.6,4K Ultra HD / Touchscreen 3840x2160,Intel Core i7 7700HQ 2.8GHz,16GB,1TB SSD,Nvidia GeForce GTX 1050,Windows 10,2.06kg,12781,SSD
Lenovo,Gaming,15.6,IPS Panel Full HD 1920x1080,Intel Core i7 7700HQ 2.8GHz,8GB,128GB SSD ,Nvidia GeForce GTX 1050M,Windows 10,2.5kg,5908,SSD
HP,Notebook,17.0,1600x900,AMD A9-Series 9420 3GHz,8GB,1TB HDD,AMD Radeon R5,Windows 10,2.6kg,2775,HDD
Lenovo,Ultrabook,14.0,IPS Panel Full HD 1920x1080,Intel Core i7 7500U 2.7GHz,16GB,512GB SSD,Intel HD Graphics 620,Windows 10,1.14kg,13053,SSD
Asus,Gaming,15.6,IPS Panel Full HD 1920x1080,Intel Core i7 7700HQ 2.8GHz,8GB,1TB HDD,Nvidia GeForce GTX 1050 Ti,No OS,2.5kg,6228,HDD
Acer,Notebook,15.6,1366x768,Intel Core i3 6006U 2GHz,4GB,500GB HDD,Intel HD Graphics 520,Windows 10,2.4kg,2397,HDD
Lenovo,Notebook,14.0,1366x768,Intel Celeron Dual Core N3060 1.6GHz,4GB,32GB Flash Storage,Intel HD Graphics,Windows 10,1.43kg,1459,Flash
Acer,Ultrabook,14.0,IPS Panel Full HD 1920x1080,Intel Core i5 7200U 2.5GHz,8GB,256GB SSD,Intel Graphics 620,Windows 10,1.8kg,4896,SSD
Razer,Gaming,14.0,Full HD 1920x1080,Intel Core i7 7700HQ 2.8GHz,16GB,256GB SSD,Nvidia GeForce GTX 1060,Windows 10,1.95kg,13847,SSD
Toshiba,Notebook,13.3,Full HD 1920x1080,Intel Core i5 6200U 2.3GHz,8GB,256GB SSD,Intel HD Graphics 520,Windows 10,1.2kg,6462,SSD
Lenovo,Ultrabook,12.5,IPS Panel Full HD 1920x1080,Intel Core i7 7500U 2.7GHz,8GB,256GB SSD,Intel HD Graphics 620,Windows 10,1.36kg,8439,SSD
Asus,Gaming,17.3,IPS Panel Full HD 1920x1080,Intel Core i7 6820HK 2.7GHz,32GB,512GB SSD,Nvidia GeForce GTX 1080,Windows 10,3.8kg,14913,SSD
Acer,Gaming,15.6,Full HD 1920x1080,Intel Core i5 7300HQ 2.5GHz,8GB,1TB HDD,Nvidia GeForce GTX 1050,Linux,2.4kg,3777,HDD
Dell,Ultrabook,13.3,Full HD 1920x1080,Intel Core i5 8250U 1.6GHz,8GB,256GB SSD,Intel UHD Graphics 620,Windows 10,1.2kg,7725,SSD
MSI,Gaming,15.6,Full HD 1920x1080,Intel Core i7 7700HQ 2.8GHz,8GB,128GB SSD ,Nvidia GeForce GTX 1050 Ti,Windows 10,2.2kg,6349,SSD
HP,Notebook,15.6,1366x768,Intel Core i3 6006U 2GHz,4GB,500GB HDD,Intel HD Graphics 520,No OS,1.86kg,1944,HDD
Toshiba,Notebook,15.6,IPS Panel Full HD 1920x1080,Intel Core i5 7200U 2.5GHz,8GB,500GB HDD,Intel HD Graphics 620,Windows 10,2.0kg,5668,HDD
Dell,Notebook,15.6,Full HD 1920x1080,Intel Core i7 8550U 1.8GHz,8GB,256GB SSD,AMD Radeon 530,Windows 10,6.2kg,4896,SSD
Dell,Notebook,15.6,Full HD 1920x1080,Intel Core i7 8550U 1.8GHz,16GB,256GB SSD,AMD Radeon 530,Windows 10,2.2kg,6047,SSD
Lenovo,Gaming,15.6,IPS Panel Full HD 1920x1080,Intel Core i7 6700HQ 2.6GHz,8GB,128GB SSD ,Nvidia GeForce GTX 960,Windows 10,3.31kg,6372,SSD
Dell,Gaming,17.3,IPS Panel 4K Ultra HD 3840x2160,Intel Core i7 7700HQ 2.8GHz,32GB,512GB SSD,Nvidia GeForce GTX 1070,Windows 10,4.42kg,16769,SSD
Dell,Notebook,14.0,Full HD 1920x1080,Intel Core i5 6300U 2.4GHz,8GB,256GB SSD,Intel HD Graphics 520,Windows 10,1.56kg,6548,SSD
Lenovo,Notebook,15.6,1366x768,Intel Celeron Dual Core N3350 1.1GHz,4GB,500GB HDD,Intel HD Graphics 500,Windows 10,2.2kg,2232,HDD
Lenovo,Notebook,15.6,Full HD 1920x1080,Intel Core i5 6200U 2.3GHz,4GB,500GB HDD,Intel HD Graphics 520,Windows 10,2.2kg,2850,HDD
HP,Notebook,15.6,1920x1080,Intel Core i3 6006U 2GHz,6GB,1TB HDD,AMD Radeon R5 M430,Windows 10,2.04kg,2871,HDD
MSI,Gaming,17.3,Full HD 1920x1080,Intel Core i7 7700HQ 2.8GHz,8GB,128GB SSD ,Nvidia GeForce GTX 1060,Windows 10,2.7kg,7921,SSD
Toshiba,Notebook,15.6,1366x768,Intel Core i3 6100U 2.1GHz,4GB,128GB SSD,Intel HD Graphics 520,Windows 10,2.1kg,2653,SSD
HP,Notebook,15.6,Full HD 1920x1080,Intel Core i7 7500U 2.7GHz,8GB,1TB HDD,AMD Radeon 530,Windows 10,2.1kg,3969,HDD
Toshiba,Notebook,15.6,IPS Panel Full HD 1920x1080,Intel Core i5 7200U 2.5GHz,8GB,256GB SSD,Intel HD Graphics 620,Windows 10,2.0kg,6702,SSD
Acer,Notebook,15.6,1366x768,Intel Core i3 6006U 2GHz,4GB,128GB SSD,Intel HD Graphics 520,Linux,2.1kg,2195,SSD
Microsoft,Ultrabook,13.5,Touchscreen 2256x1504,Intel Core i7 7600U 2.8GHz,8GB,256GB SSD,Intel Iris Plus Graphics 640,Windows 10 S,1.252kg,9951,SSD
Lenovo,Notebook,15.6,Full HD 1920x1080,Intel Core i5 7200U 2.5GHz,8GB,128GB SSD ,AMD Radeon R5 M430,Windows 10,1.90kg,4358,SSD
Lenovo,2 in 1 Convertible,13.3,IPS Panel Full HD / Touchscreen 1920x1080,Intel Core i5 7200U 2.5GHz,8GB,256GB SSD,Intel HD Graphics 620,Windows 10,1.3kg,5509,SSD
Lenovo,Notebook,35.6,1366x768,AMD E-Series E2-9000 2.2GHz,4GB,128GB SSD,AMD Radeon R2 Graphics,Windows 10,2.2kg,1859,SSD
HP,2 in 1 Convertible,14.0,IPS Panel Full HD / Touchscreen 1920x1080,Intel Core i3 7100U 2.4GHz,4GB,128GB SSD,Nvidia GeForce 940MX,Windows 10,1.63kg,3724,SSD
MSI,Gaming,15.6,Full HD 1920x1080,Intel Core i7 7700HQ 2.8GHz,16GB,256GB SSD +  1TB HDD,Nvidia GeForce GTX 1050,Windows 10,2.4kg,6894,SSD
Asus,Ultrabook,14.0,Full HD 1920x1080,Intel Core i5 7200U 2.5GHz,8GB,256GB SSD,Intel HD Graphics 620,Windows 10,1.1kg,6047,SSD
HP,2 in 1 Convertible,11.6,Touchscreen 1366x768,Intel Celeron Dual Core N3350 1.1GHz,8GB,64GB Flash Storage,Intel HD Graphics 500,Chrome OS,1.4kg,2637,Flash
LG,Ultrabook,15.6,IPS Panel Full HD 1920x1080,Intel Core i7 8550U 1.8GHz,8GB,512GB SSD,Intel HD Graphics 620,Windows 10,1.09kg,12249,SSD
Acer,Gaming,15.6,Full HD 1920x1080,Intel Core i5 7300HQ 2.5GHz,16GB,256GB SSD,Nvidia GeForce GTX 1050 Ti,Windows 10,2.5kg,6921,SSD
MSI,Gaming,15.6,Full HD 1920x1080,Intel Core i5 7300HQ 2.5GHz,8GB,256GB SSD,Nvidia GeForce GTX 1050,Windows 10,2.2kg,5316,SSD
Asus,Notebook,15.6,1366x768,Intel Celeron Dual Core N3350 1.1GHz,4GB,128GB SSD,Intel HD Graphics 500,Windows 10,1.86kg,2232,SSD
Dell,Gaming,15.6,Full HD 1920x1080,Intel Core i5 7300HQ 2.5GHz,16GB,128GB SSD ,Nvidia GeForce GTX 1060,Windows 10,3.21kg,10927,SSD
HP,Notebook,17.3,IPS Panel Full HD 1920x1080,Intel Core i3 6006U 2GHz,4GB,256GB SSD,AMD Radeon R5 520,Windows 10,2.5kg,3724,SSD
Lenovo,2 in 1 Convertible,13.3,IPS Panel Full HD / Touchscreen 1920x1080,Intel Core i7 8550U 1.8GHz,8GB,512GB SSD,Intel UHD Graphics 620,Windows 10,1.19kg,7986,SSD
Dell,Gaming,15.6,Full HD 1920x1080,Intel Core i7 7820HK 2.9GHz,16GB,256GB SSD +  1TB HDD,Nvidia GeForce GTX 1070,Windows 10,3.49kg,14991,SSD
HP,Notebook,15.6,1366x768,Intel Core i5 7200U 2.5GHz,4GB,500GB HDD,AMD Radeon 520,Windows 10,1.86kg,3263,HDD
Dell,Notebook,15.6,1366x768,Intel Core i3 6006U 2GHz,4GB,1TB HDD,AMD Radeon R5 M430,Windows 10,2.2kg,2907,HDD
HP,Notebook,17.3,IPS Panel Full HD 1920x1080,AMD A10-Series 9600P 2.4GHz,6GB,2TB HDD,AMD Radeon R7 M440,Windows 10,2.65kg,3031,HDD
Lenovo,Notebook,15.6,1366x768,Intel Celeron Dual Core 3855U 1.6GHz,4GB,500GB HDD,Intel HD Graphics 510,Windows 10,2.1kg,1694,HDD
Acer,Notebook,14.0,1366x768,Intel Celeron Dual Core 3855U 1.6GHz,4GB,32GB Flash Storage,Intel HD Graphics 510,Chrome OS,1.45kg,1998,Flash
Lenovo,Notebook,14.0,Full HD 1920x1080,Intel Core i5 7200U 2.5GHz,4GB,256GB SSD,Intel HD Graphics 620,Windows 10,1.7kg,3724,SSD
HP,Workstation,17.3,Full HD 1920x1080,Intel Core i7 7700HQ 2.8GHz,8GB,500GB HDD,Nvidia Quadro M1200,Windows 10,3.14kg,10165,HDD
Lenovo,2 in 1 Convertible,14.0,Touchscreen 2560x1440,Intel Core i7 7500U 2.7GHz,8GB,256GB SSD,Intel HD Graphics 620,Windows 10,1.42kg,13799,SSD
Toshiba,Notebook,13.3,IPS Panel Full HD 1920x1080,Intel Core i5 7200U 2.5GHz,8GB,256GB SSD,Intel HD Graphics 620,Windows 10,1.5kg,5184,SSD
Acer,Netbook,11.6,1366x768,Intel Celeron Dual Core N3050 1.6GHz,4GB,32GB Flash Storage,Intel HD Graphics,Windows 10,1.4kg,1433,Flash
Lenovo,2 in 1 Convertible,14.0,Full HD / Touchscreen 1920x1080,Intel Core i7 7500U 2.7GHz,16GB,512GB SSD,Intel HD Graphics 620,Windows 10,1.38kg,9318,SSD
Asus,2 in 1 Convertible,12.5,Full HD / Touchscreen 1920x1080,Intel Core M M3-6Y30 0.9GHz,4GB,64GB Flash Storage,Intel HD Graphics 515,Chrome OS,1.2kg,3564,Flash
Toshiba,Ultrabook,13.3,Full HD / Touchscreen 1920x1080,Intel Core i7 6500U 2.5GHz,16GB,512GB SSD,Intel HD Graphics 520,Windows 10,1.36kg,10000,SSD
Dell,Gaming,15.6,Full HD 1920x1080,Intel Core i5 7300HQ 2.5GHz,8GB,1TB HDD,Nvidia GeForce GTX 1050,Windows 10,2.56kg,4363,HDD
Lenovo,Notebook,15.6,Full HD 1920x1080,AMD A9-Series 9420 2.9GHz,4GB,256GB SSD,AMD Radeon 530,Windows 10,2.2kg,2125,SSD
Lenovo,Notebook,15.6,1366x768,AMD A12-Series 9720P 3.6GHz,8GB,1TB HDD,AMD Radeon R7,Windows 10,2.2kg,2285,HDD
Lenovo,Notebook,15.6,Full HD 1920x1080,Intel Core i5 7200U 2.5GHz,4GB,1TB HDD,Intel HD Graphics 620,Windows 10,2.1kg,3311,HDD
Lenovo,Notebook,15.6,1366x768,Intel Core i3 6006U 2GHz,4GB,500GB HDD,Intel HD Graphics 520,No OS,1.90kg,2397,HDD
Dell,Notebook,15.6,Full HD 1920x1080,Intel Core i5 7200U 2.5GHz,8GB,256GB SSD,Intel HD Graphics 620,Windows 10,2.18kg,4235,SSD
Acer,2 in 1 Convertible,13.3,IPS Panel Full HD / Touchscreen 1920x1080,Intel Core i5 8250U 1.6GHz,1GB,256GB SSD,Intel UHD Graphics 620,Windows 10,1.6kg,5322,SSD
Lenovo,Workstation,15.6,Full HD 1920x1080,Intel Core i7 6500U 2.5GHz,16GB,512GB SSD,Nvidia Quadro M520M,Windows 7,2.18kg,9883,SSD
Lenovo,Notebook,14.0,Full HD 1920x1080,Intel Core i5 6300HQ 2.3GHz,8GB,256GB SSD,Intel HD Graphics 520,Windows 10,1.8kg,6345,SSD
HP,Notebook,17.3,IPS Panel Full HD 1920x1080,AMD A10-Series 9620P 2.5GHz,6GB,2TB HDD,AMD Radeon 530,Windows 10,2.71kg,3489,HDD
Lenovo,Gaming,15.6,IPS Panel Full HD 1920x1080,Intel Core i7 7700HQ 2.8GHz,8GB,128GB SSD ,Nvidia GeForce GTX 1050 Ti,Windows 10,2.5kg,6654,SSD
Dell,Notebook,14.0,Full HD 1920x1080,Intel Core i5 7440HQ 2.8GHz,8GB,256GB SSD,Nvidia GeForce 930MX,Linux,1.64kg,5802,SSD
Dell,Notebook,15.6,Full HD 1920x1080,Intel Core i5 7200U 2.5GHz,8GB,1TB HDD,Intel HD Graphics 620,Linux,1.98kg,3868,HDD
Asus,Notebook,14.0,Full HD 1920x1080,Intel Celeron Dual Core N3350 1.1GHz,4GB,32GB Flash Storage,Intel HD Graphics 500,Windows 10,1.5kg,1587,Flash
Dell,Notebook,15.6,Full HD 1920x1080,Intel Core i5 7300U 2.6GHz,16GB,512GB SSD,Intel HD Graphics 620,Windows 10,1.93kg,7601,SSD
Lenovo,Notebook,14.0,IPS Panel Full HD 1920x1080,Intel Core i5 7200U 2.5GHz,8GB,256GB SSD,Nvidia GeForce 920MX,Windows 10,1.87kg,4566,SSD
Dell,Notebook,15.6,Full HD 1920x1080,Intel Core i5 7300U 2.6GHz,8GB,256GB SSD,Intel HD Graphics 620,Windows 10,1.9kg,6281,SSD
Lenovo,Notebook,15.6,1366x768,AMD A6-Series 7310 2GHz,4GB,500GB HDD,AMD Radeon R4,Windows 10,2.19kg,1587,HDD
Mediacom,Notebook,14.0,IPS Panel Full HD 1920x1200,Intel Atom Z8350 1.92GHz,4GB,32GB HDD,Intel HD Graphics 400,Windows 10,1.4kg,1411,HDD
HP,Notebook,17.3,Full HD 1920x1080,Intel Core i7 7500U 2.7GHz,8GB,256GB SSD,Nvidia GeForce 930MX,Windows 10,2.63kg,6393,SSD
Lenovo,Ultrabook,14.0,IPS Panel Quad HD+ 2560x1440,Intel Core i7 6500U 2.5GHz,64GB,512GB SSD,Intel HD Graphics 520,Windows 10,1.17kg,8986,SSD
HP,2 in 1 Convertible,13.3,IPS Panel Touchscreen 1366x768,Intel Core i5 7200U 2.5GHz,8GB,256GB SSD,Intel HD Graphics 620,Windows 10,1.58kg,4457,SSD
Lenovo,Ultrabook,14.0,IPS Panel Full HD 1920x1080,Intel Core i5 7200U 2.5GHz,8GB,256GB SSD,Intel HD Graphics 620,Windows 10,1.32kg,7986,SSD
Dell,Gaming,17.3,4K Ultra HD 3840x2160,Intel Core i7 7700HQ 2.8GHz,32GB,1TB SSD,Nvidia GeForce GTX 1070,Windows 10,4.36kg,19497,SSD
MSI,Gaming,17.3,Full HD 1920x1080,Intel Core i7 7700HQ 2.8GHz,8GB,128GB SSD ,Nvidia GeForce GTX 1050 Ti,Windows 10,2.7kg,7184,SSD
Lenovo,Notebook,15.6,1366x768,Intel Core i5 7200U 2.5GHz,4GB,1TB HDD,Intel HD Graphics 620,No OS,1.9kg,2610,HDD
Dell,2 in 1 Convertible,13.3,Full HD / Touchscreen 1920x1080,Intel Core i3 7100U 2.4GHz,4GB,1TB HDD,Intel HD Graphics 620,Windows 10,1.71kg,3457,HDD
Dell,Notebook,15.6,1366x768,Intel Core i5 7200U 2.5GHz,8GB,1TB HDD,AMD Radeon R7 M445,Linux,2.32kg,3140,HDD
HP,Notebook,15.6,Full HD 1920x1080,AMD A9-Series 9420 3GHz,4GB,1TB HDD,AMD Radeon 520,Windows 10,2.1kg,2605,HDD
Acer,Gaming,17.3,IPS Panel Full HD 1920x1080,Intel Core i7 6700HQ 2.6GHz,16GB,128GB SSD ,Nvidia GeForce GTX 1060,Windows 10,4.2kg,10309,SSD
Dell,Notebook,15.6,1366x768,Intel Core i5 7200U 2.5GHz,12GB,1TB HDD,Intel HD Graphics 620,Windows 10,2.25kg,3457,HDD
HP,Notebook,15.6,Full HD 1920x1080,AMD A9-Series A9-9420 3GHz,6GB,128GB SSD ,AMD Radeon 520,Windows 10,2.1kg,3463,SSD
Acer,Notebook,15.6,1366x768,Intel Core i5 7200U 2.5GHz,4GB,500GB HDD,Intel HD Graphics 620,Windows 10,2.4kg,2978,HDD
Lenovo,Notebook,13.3,IPS Panel Full HD 1920x1080,Intel Core i5 7200U 2.5GHz,8GB,256GB SSD,Intel HD Graphics 620,Windows 10,1.44kg,5114,SSD
Lenovo,Notebook,15.6,Full HD 1920x1080,Intel Core i7 7500U 2.7GHz,4GB,1TB HDD,Intel HD Graphics 620,Windows 10,1.85kg,4150,HDD
HP,Workstation,15.6,Full HD 1920x1080,Intel Core i7 7700HQ 2.8GHz,16GB,256GB SSD,Nvidia Quadro M2200,Windows 10,2.6kg,12888,SSD
Dell,2 in 1 Convertible,13.3,Full HD / Touchscreen 1920x1080,Intel Core i5 8250U 1.6GHz,8GB,1TB HDD,Intel UHD Graphics 620,Windows 10,1.55kg,3511,HDD
MSI,Gaming,15.6,Full HD 1920x1080,Intel Core i7 7700HQ 2.8GHz,16GB,256GB SSD +  1TB HDD,Nvidia GeForce GTX 1060,Windows 10,1.8kg,11159,SSD
Acer,Notebook,15.6,1366x768,Intel Core i3 6006U 2GHz,4GB,500GB HDD,Intel HD Graphics 520,Windows 10,2.4kg,2188,HDD
Dell,Notebook,15.6,Full HD 1920x1080,Intel Core i7 7500U 2.7GHz,8GB,128GB SSD ,Nvidia GeForce 940MX,Windows 10,2.0kg,6430,SSD
Dell,Notebook,15.6,1366x768,Intel Core i3 6006U 2GHz,8GB,256GB SSD,Intel HD Graphics 520,Windows 10,2kg,3543,SSD
Toshiba,Notebook,14.0,IPS Panel Full HD / Touchscreen 1920x1080,Intel Core i5 7200U 2.5GHz,8GB,256GB SSD,Intel HD Graphics 620,Windows 10,1.25kg,8178,SSD
Lenovo,2 in 1 Convertible,14.0,Full HD / Touchscreen 1920x1080,Intel Core i5 7200U 2.5GHz,8GB,256GB SSD,Intel HD Graphics 620,Windows 10,1.7kg,5322,SSD
Lenovo,Workstation,15.6,IPS Panel 4K Ultra HD 3840x2160,Intel Core i7 7600U 2.8GHz,16GB,1TB SSD,Nvidia Quadro M520M,Windows 10,2.5kg,17577,SSD
Acer,Notebook,14.0,1366x768,Intel Celeron Dual Core N3060 1.6GHz,2GB,32GB Flash Storage,Intel HD Graphics 400,Chrome OS,1.68kg,1758,Flash
Samsung,Ultrabook,13.3,Full HD 1920x1080,Intel Core i7 7500U 2.7GHz,16GB,256GB SSD,Intel HD Graphics 620,Windows 10,0.81kg,8785,SSD
Dell,Notebook,14.0,1366x768,Intel Core i5 7200U 2.5GHz,8GB,256GB SSD,Intel HD Graphics 620,Windows 10,1.6kg,6003,SSD
HP,Workstation,17.3,IPS Panel Full HD 1920x1080,Intel Xeon E3-1535M v5 2.9GHz,16GB,256GB SSD,Nvidia Quadro M2000M,Windows 7,3kg,23384,SSD
Lenovo,Netbook,11.6,Touchscreen 1366x768,Intel Celeron Dual Core N3060 1.6GHz,4GB,128GB SSD,Intel HD Graphics 400,Windows 10,1.4kg,2530,SSD
HP,Notebook,15.6,Full HD 1920x1080,Intel Core i5 6300U 2.4GHz,8GB,256GB SSD,Intel HD Graphics 520,Windows 10,1.84kg,10123,SSD
Asus,Notebook,15.6,1366x768,Intel Core i5 6300HQ 2.3GHz,4GB,1TB HDD,Nvidia GeForce GTX 950M,No OS,2.45kg,3084,HDD
Asus,Notebook,15.6,1366x768,Intel Core i7 7500U 2.7GHz,4GB,256GB SSD,Intel HD Graphics 620,Windows 10,2.37kg,4528,SSD
Lenovo,2 in 1 Convertible,13.3,IPS Panel Quad HD+ / Touchscreen 3200x1800,Intel Core i5 6260U 1.8GHz,8GB,256GB SSD,Intel HD Graphics 540,Windows 10,1.3kg,6388,SSD
HP,Notebook,15.6,IPS Panel Full HD 1920x1080,Intel Core i5 7300HQ 2.5GHz,8GB,128GB SSD ,Nvidia GeForce GTX 1050,Windows 10,2.2kg,5855,SSD
HP,Workstation,15.6,Full HD 1920x1080,Intel Core i7 6700HQ 2.6GHz,8GB,256GB SSD,Nvidia Quadro M1000M,Windows 7,2.59kg,8317,SSD
Dell,Gaming,15.6,IPS Panel 4K Ultra HD 3840x2160,Intel Core i7 7700HQ 2.8GHz,16GB,256GB SSD +  1TB HDD,Nvidia GeForce GTX 1070,Windows 10,4.42kg,15285,SSD
Acer,Notebook,15.6,1366x768,Intel Core i5 7200U 2.5GHz,4GB,256GB SSD,Intel HD Graphics 620,Windows 10,2.1kg,3191,SSD
Lenovo,Gaming,15.6,IPS Panel Full HD 1920x1080,Intel Core i7 7700HQ 2.8GHz,8GB,128GB SSD ,Nvidia GeForce GTX 1050,Windows 10,2.5kg,5583,SSD
Dell,Ultrabook,12.5,Full HD 1920x1080,Intel Core i7 7600U 2.8GHz,16GB,256GB SSD,Intel HD Graphics 620,Windows 10,1.18kg,9904,SSD
Google,Ultrabook,12.3,Touchscreen 2400x1600,Intel Core i5 7Y57 1.2GHz,8GB,256GB SSD,Intel HD Graphics 615,Chrome OS,1.1kg,8306,SSD
Asus,Ultrabook,13.3,IPS Panel Quad HD+ 3200x1800,Intel Core i5 7200U 2.5GHz,8GB,256GB SSD,Intel HD Graphics 620,Windows 10,1.2kg,6015,SSD
Dell,Notebook,13.3,1366x768,Intel Core i3 6006U 2GHz,4GB,500GB HDD,Intel HD Graphics 520,Windows 10,1.65kg,4523,HDD
Acer,Notebook,13.3,1366x768,Intel Core i5 6200U 2.3GHz,4GB,128GB SSD,Intel HD Graphics 520,Windows 10,1.6kg,3489,SSD
Asus,Notebook,17.3,1366x768,Intel Pentium Quad Core N4200 1.1GHz,4GB,1TB HDD,Nvidia GeForce 920MX,Windows 10,2.8kg,2505,HDD
Dell,Gaming,15.6,IPS Panel Touchscreen / 4K Ultra HD 3840x2160,Intel Core i7 6700HQ 2.6GHz,16GB,128GB SSD ,Nvidia GeForce GTX 960M,Windows 10,2.72kg,5855,SSD
Samsung,Ultrabook,13.3,Full HD / Touchscreen 1920x1080,Intel Core i7 7500U 2.7GHz,8GB,256GB SSD,Intel HD Graphics 620,Windows 10,1.31kg,8519,SSD
Acer,Notebook,15.6,1366x768,Intel Pentium Quad Core N4200 1.1GHz,4GB,1TB HDD,Intel HD Graphics 505,Linux,2.1kg,1587,HDD
